no change     /share/apps/python/miniforge-24.3.0/condabin/conda
no change     /share/apps/python/miniforge-24.3.0/bin/conda
no change     /share/apps/python/miniforge-24.3.0/bin/conda-env
no change     /share/apps/python/miniforge-24.3.0/bin/activate
no change     /share/apps/python/miniforge-24.3.0/bin/deactivate
no change     /share/apps/python/miniforge-24.3.0/etc/profile.d/conda.sh
no change     /share/apps/python/miniforge-24.3.0/etc/fish/conf.d/conda.fish
no change     /share/apps/python/miniforge-24.3.0/shell/condabin/Conda.psm1
no change     /share/apps/python/miniforge-24.3.0/shell/condabin/conda-hook.ps1
no change     /share/apps/python/miniforge-24.3.0/lib/python3.10/site-packages/xontrib/conda.xsh
no change     /share/apps/python/miniforge-24.3.0/etc/profile.d/conda.csh
no change     /home/zichengx/.bashrc
No action taken.
2024-12-24 16:01:38,082 - INFO - Started logging to: /scrfs/storage/zichengx/home/Research/TAD/w2v_culture/outputs/logs/step5_score_20241224_160138.log
2024-12-24 16:01:38,083 - INFO - Starting document scoring process...
2024-12-24 16:01:38,083 - INFO - Creating document corpus from input files...
2024-12-24 16:01:38,083 - INFO - Constructing doc level corpus
2024-12-24 16:01:56,599 - INFO - Read 15095164 sentences
2024-12-24 16:01:58,017 - INFO - Aggregating sentences into documents...
2024-12-24 16:02:06,120 - INFO - Created 14843134 documents
2024-12-24 16:02:20,750 - INFO - Saved corpus to /scrfs/storage/zichengx/home/Research/TAD/w2v_culture/outputs/scores/temp/corpus_doc_level.pickle
2024-12-24 16:02:24,770 - INFO - Saved document IDs to /scrfs/storage/zichengx/home/Research/TAD/w2v_culture/outputs/scores/temp/doc_ids.pickle
2024-12-24 16:02:25,622 - INFO - Created corpus with 14843134 documents
2024-12-24 16:02:25,623 - INFO - Calculating document frequencies...
2024-12-24 16:02:25,625 - INFO - Calculating document frequencies
2024-12-24 16:08:31,848 - INFO - Calculated frequencies for 2490521 unique words
2024-12-24 16:08:31,849 - INFO - Loading expanded dictionary from /scrfs/storage/zichengx/home/Research/TAD/outputs/dict/expanded_dict.csv
2024-12-24 16:08:34,427 - INFO - Found 90 topics in expanded dictionary:
2024-12-24 16:08:34,427 - INFO - - Cash Flows
2024-12-24 16:08:34,427 - INFO - - Profit Margin
2024-12-24 16:08:34,427 - INFO - - Revenue
2024-12-24 16:08:34,427 - INFO - - Dividend
2024-12-24 16:08:34,427 - INFO - - Growth
2024-12-24 16:08:34,427 - INFO - - Short Term Guidance
2024-12-24 16:08:34,427 - INFO - - Investment
2024-12-24 16:08:34,428 - INFO - - Corporate Tax
2024-12-24 16:08:34,428 - INFO - - Operating Cost
2024-12-24 16:08:34,428 - INFO - - Market Share
2024-12-24 16:08:34,428 - INFO - - Financial Position
2024-12-24 16:08:34,428 - INFO - - Financing
2024-12-24 16:08:34,428 - INFO - - Asset Impairment
2024-12-24 16:08:34,428 - INFO - - Customer Segment Analysis
2024-12-24 16:08:34,428 - INFO - - Inventory Turnover
2024-12-24 16:08:34,428 - INFO - - Sales Pipeline
2024-12-24 16:08:34,428 - INFO - - Foreign Exchange Impact
2024-12-24 16:08:34,428 - INFO - - New Product Launches
2024-12-24 16:08:34,428 - INFO - - Capacity Utilization
2024-12-24 16:08:34,428 - INFO - - Litigation Risk
2024-12-24 16:08:34,428 - INFO - - Geographic Expansion
2024-12-24 16:08:34,428 - INFO - - Seasonality
2024-12-24 16:08:34,428 - INFO - - Pricing Power
2024-12-24 16:08:34,428 - INFO - - Partnerships And Collaborations
2024-12-24 16:08:34,428 - INFO - - Debt-To-Equity Ratio
2024-12-24 16:08:34,428 - INFO - - Backlog or order book status
2024-12-24 16:08:34,428 - INFO - - Promotion Strategy
2024-12-24 16:08:34,428 - INFO - - Productivity Metrics
2024-12-24 16:08:34,428 - INFO - - Raw Material
2024-12-24 16:08:34,428 - INFO - - Weather
2024-12-24 16:08:34,428 - INFO - - Online Sales
2024-12-24 16:08:34,429 - INFO - - Customer Acquisition Costs
2024-12-24 16:08:34,429 - INFO - - Regulation
2024-12-24 16:08:34,429 - INFO - - Productivity
2024-12-24 16:08:34,429 - INFO - - Bundle Pricing Strategies
2024-12-24 16:08:34,429 - INFO - - Supply Chain
2024-12-24 16:08:34,429 - INFO - - Macroeconomics
2024-12-24 16:08:34,429 - INFO - - Talent Hiring
2024-12-24 16:08:34,429 - INFO - - Corporate Innovation
2024-12-24 16:08:34,429 - INFO - - Insurance
2024-12-24 16:08:34,429 - INFO - - Organization Restructuring
2024-12-24 16:08:34,429 - INFO - - Marketing Strategy
2024-12-24 16:08:34,429 - INFO - - Industry Forecast
2024-12-24 16:08:34,429 - INFO - - Employee Headcount
2024-12-24 16:08:34,429 - INFO - - Business Segment Breakdowns
2024-12-24 16:08:34,429 - INFO - - Operational Risk
2024-12-24 16:08:34,429 - INFO - - Product Performance
2024-12-24 16:08:34,429 - INFO - - Artificial Intelligence
2024-12-24 16:08:34,429 - INFO - - Challenges
2024-12-24 16:08:34,429 - INFO - - Cloud Computing
2024-12-24 16:08:34,429 - INFO - - Corporate Governance
2024-12-24 16:08:34,429 - INFO - - Research and Development
2024-12-24 16:08:34,429 - INFO - - Subsidiary Performance
2024-12-24 16:08:34,429 - INFO - - Labor Costs
2024-12-24 16:08:34,429 - INFO - - Funding Rate
2024-12-24 16:08:34,429 - INFO - - Environmental
2024-12-24 16:08:34,429 - INFO - - Firm Specific
2024-12-24 16:08:34,430 - INFO - - CEO Transition
2024-12-24 16:08:34,430 - INFO - - Customer Management
2024-12-24 16:08:34,430 - INFO - - Business Strategy
2024-12-24 16:08:34,430 - INFO - - Risk Hedging
2024-12-24 16:08:34,430 - INFO - - Geopolitical Risk
2024-12-24 16:08:34,430 - INFO - - Confident
2024-12-24 16:08:34,430 - INFO - - Pension
2024-12-24 16:08:34,430 - INFO - - Cybersecurity
2024-12-24 16:08:34,430 - INFO - - Credit Rating
2024-12-24 16:08:34,430 - INFO - - Regulation Risk
2024-12-24 16:08:34,430 - INFO - - Financing Cost
2024-12-24 16:08:34,430 - INFO - - Payment (Sales And Marketing)
2024-12-24 16:08:34,430 - INFO - - Social Responsibility
2024-12-24 16:08:34,430 - INFO - - Machinery Outage
2024-12-24 16:08:34,430 - INFO - - Compensation
2024-12-24 16:08:34,430 - INFO - - Diluted Shares
2024-12-24 16:08:34,430 - INFO - - Merger & Acquisition
2024-12-24 16:08:34,430 - INFO - - Political Risk
2024-12-24 16:08:34,430 - INFO - - Expiration
2024-12-24 16:08:34,430 - INFO - - Loan Covenant
2024-12-24 16:08:34,430 - INFO - - Sales Force Productivity
2024-12-24 16:08:34,430 - INFO - - Employee Engagement
2024-12-24 16:08:34,430 - INFO - - Liquidity Risk
2024-12-24 16:08:34,430 - INFO - - Warrant Exercise
2024-12-24 16:08:34,430 - INFO - - Option Exercise
2024-12-24 16:08:34,430 - INFO - - IT Infrastructure Investment
2024-12-24 16:08:34,431 - INFO - - Rumor
2024-12-24 16:08:34,431 - INFO - - Flu Season
2024-12-24 16:08:34,431 - INFO - - Industry benchmarking
2024-12-24 16:08:34,431 - INFO - - Economic Forecast
2024-12-24 16:08:34,431 - INFO - - Commodity
2024-12-24 16:08:34,431 - INFO - - Auction
2024-12-24 16:08:34,431 - INFO - - Industry Specific
2024-12-24 16:08:34,431 - INFO - Computing word similarity weights...
2024-12-24 16:08:35,018 - INFO - 
Processing topic: Cash Flows
2024-12-24 16:08:35,019 - INFO - Number of words in Cash Flows: 20
2024-12-24 16:08:35,019 - INFO - Computing TF scores for topic Cash Flows...
2024-12-24 16:11:28,097 - INFO - Saved TF scores for Cash Flows to /scrfs/storage/zichengx/home/Research/TAD/w2v_culture/outputs/scores/TF/Cash Flows/scores_TF_Cash Flows.csv
2024-12-24 16:11:28,098 - INFO - Sample of TF scores for Cash Flows (first 5 documents):
2024-12-24 16:11:28,105 - INFO - 
   Cash Flows  document_length    Doc_ID
0           1               88  222560.0
1           4              158  222561.0
2          51             1263  222562.0
3          54              729  222563.0
4          17              440  222564.0
2024-12-24 16:11:28,107 - INFO - Computing TFIDF scores for topic Cash Flows...
Scoring using TFIDF
2024-12-24 16:23:49,476 - INFO - Saved TFIDF scores for Cash Flows to /scrfs/storage/zichengx/home/Research/TAD/w2v_culture/outputs/scores/TFIDF/Cash Flows/scores_TFIDF_Cash Flows.csv
2024-12-24 16:23:49,482 - INFO - Saved word contributions for Cash Flows to /scrfs/storage/zichengx/home/Research/TAD/w2v_culture/outputs/scores/word_contributions/Cash Flows/word_contribution_TFIDF_Cash Flows.csv
2024-12-24 16:23:49,482 - INFO - Sample of TFIDF scores for Cash Flows (first 5 documents):
2024-12-24 16:23:49,489 - INFO - 
   Cash Flows  document_length    Doc_ID
0    2.171058             88.0  222560.0
1   11.438296            158.0  222561.0
2  129.685252           1263.0  222562.0
3  139.779534            729.0  222563.0
4   45.889209            440.0  222564.0
2024-12-24 16:23:49,491 - INFO - Computing WFIDF scores for topic Cash Flows...
Scoring using WFIDF
2024-12-24 16:36:10,918 - INFO - Saved WFIDF scores for Cash Flows to /scrfs/storage/zichengx/home/Research/TAD/w2v_culture/outputs/scores/WFIDF/Cash Flows/scores_WFIDF_Cash Flows.csv
2024-12-24 16:36:10,923 - INFO - Saved word contributions for Cash Flows to /scrfs/storage/zichengx/home/Research/TAD/w2v_culture/outputs/scores/word_contributions/Cash Flows/word_contribution_WFIDF_Cash Flows.csv
2024-12-24 16:36:10,923 - INFO - Sample of WFIDF scores for Cash Flows (first 5 documents):
2024-12-24 16:36:10,925 - INFO - 
   Cash Flows  document_length    Doc_ID
0    2.171058             88.0  222560.0
1   10.772101            158.0  222561.0
2   58.070810           1263.0  222562.0
3   57.839137            729.0  222563.0
4   22.512028            440.0  222564.0
2024-12-24 16:36:10,925 - INFO - 
Processing topic: Profit Margin
2024-12-24 16:36:10,926 - INFO - Number of words in Profit Margin: 20
2024-12-24 16:36:10,926 - INFO - Computing TF scores for topic Profit Margin...
2024-12-24 16:38:51,866 - INFO - Saved TF scores for Profit Margin to /scrfs/storage/zichengx/home/Research/TAD/w2v_culture/outputs/scores/TF/Profit Margin/scores_TF_Profit Margin.csv
2024-12-24 16:38:51,866 - INFO - Sample of TF scores for Profit Margin (first 5 documents):
2024-12-24 16:38:51,867 - INFO - 
   Profit Margin  document_length    Doc_ID
0              0               88  222560.0
1              0              158  222561.0
2             26             1263  222562.0
3             23              729  222563.0
4              0              440  222564.0
2024-12-24 16:38:51,868 - INFO - Computing TFIDF scores for topic Profit Margin...
Scoring using TFIDF
2024-12-24 16:51:11,886 - INFO - Saved TFIDF scores for Profit Margin to /scrfs/storage/zichengx/home/Research/TAD/w2v_culture/outputs/scores/TFIDF/Profit Margin/scores_TFIDF_Profit Margin.csv
2024-12-24 16:51:11,890 - INFO - Saved word contributions for Profit Margin to /scrfs/storage/zichengx/home/Research/TAD/w2v_culture/outputs/scores/word_contributions/Profit Margin/word_contribution_TFIDF_Profit Margin.csv
2024-12-24 16:51:11,890 - INFO - Sample of TFIDF scores for Profit Margin (first 5 documents):
2024-12-24 16:51:11,892 - INFO - 
   Profit Margin  document_length    Doc_ID
0       0.000000             88.0  222560.0
1       0.000000            158.0  222561.0
2      69.373838           1263.0  222562.0
3      61.191332            729.0  222563.0
4       0.000000            440.0  222564.0
2024-12-24 16:51:11,893 - INFO - Computing WFIDF scores for topic Profit Margin...
Scoring using WFIDF
2024-12-24 17:03:25,097 - INFO - Saved WFIDF scores for Profit Margin to /scrfs/storage/zichengx/home/Research/TAD/w2v_culture/outputs/scores/WFIDF/Profit Margin/scores_WFIDF_Profit Margin.csv
2024-12-24 17:03:25,102 - INFO - Saved word contributions for Profit Margin to /scrfs/storage/zichengx/home/Research/TAD/w2v_culture/outputs/scores/word_contributions/Profit Margin/word_contribution_WFIDF_Profit Margin.csv
2024-12-24 17:03:25,102 - INFO - Sample of WFIDF scores for Profit Margin (first 5 documents):
2024-12-24 17:03:25,104 - INFO - 
   Profit Margin  document_length    Doc_ID
0       0.000000             88.0  222560.0
1       0.000000            158.0  222561.0
2      37.495292           1263.0  222562.0
3      31.285143            729.0  222563.0
4       0.000000            440.0  222564.0
2024-12-24 17:03:25,104 - INFO - 
Processing topic: Revenue
2024-12-24 17:03:25,105 - INFO - Number of words in Revenue: 40
2024-12-24 17:03:25,105 - INFO - Computing TF scores for topic Revenue...
2024-12-24 17:06:12,453 - INFO - Saved TF scores for Revenue to /scrfs/storage/zichengx/home/Research/TAD/w2v_culture/outputs/scores/TF/Revenue/scores_TF_Revenue.csv
2024-12-24 17:06:12,454 - INFO - Sample of TF scores for Revenue (first 5 documents):
2024-12-24 17:06:12,456 - INFO - 
   Revenue  document_length    Doc_ID
0        1               88  222560.0
1        3              158  222561.0
2       49             1263  222562.0
3       43              729  222563.0
4       13              440  222564.0
2024-12-24 17:06:12,458 - INFO - Computing TFIDF scores for topic Revenue...
Scoring using TFIDF
2024-12-24 17:22:14,133 - INFO - Saved TFIDF scores for Revenue to /scrfs/storage/zichengx/home/Research/TAD/w2v_culture/outputs/scores/TFIDF/Revenue/scores_TFIDF_Revenue.csv
2024-12-24 17:22:14,146 - INFO - Saved word contributions for Revenue to /scrfs/storage/zichengx/home/Research/TAD/w2v_culture/outputs/scores/word_contributions/Revenue/word_contribution_TFIDF_Revenue.csv
2024-12-24 17:22:14,146 - INFO - Sample of TFIDF scores for Revenue (first 5 documents):
2024-12-24 17:22:14,157 - INFO - 
      Revenue  document_length    Doc_ID
0    2.171058             88.0  222560.0
1    7.621586            158.0  222561.0
2  130.086322           1263.0  222562.0
3  114.446727            729.0  222563.0
4   30.622370            440.0  222564.0
2024-12-24 17:22:14,158 - INFO - Computing WFIDF scores for topic Revenue...
Scoring using WFIDF
2024-12-24 17:38:15,622 - INFO - Saved WFIDF scores for Revenue to /scrfs/storage/zichengx/home/Research/TAD/w2v_culture/outputs/scores/WFIDF/Revenue/scores_WFIDF_Revenue.csv
2024-12-24 17:38:15,628 - INFO - Saved word contributions for Revenue to /scrfs/storage/zichengx/home/Research/TAD/w2v_culture/outputs/scores/word_contributions/Revenue/word_contribution_WFIDF_Revenue.csv
2024-12-24 17:38:15,628 - INFO - Sample of WFIDF scores for Revenue (first 5 documents):
2024-12-24 17:38:15,630 - INFO - 
     Revenue  document_length    Doc_ID
0   2.171058             88.0  222560.0
1   6.955391            158.0  222561.0
2  62.183259           1263.0  222562.0
3  47.909783            729.0  222563.0
4  13.404235            440.0  222564.0
2024-12-24 17:38:15,630 - INFO - 
Processing topic: Dividend
2024-12-24 17:38:15,632 - INFO - Number of words in Dividend: 40
2024-12-24 17:38:15,632 - INFO - Computing TF scores for topic Dividend...
2024-12-24 17:41:09,745 - INFO - Saved TF scores for Dividend to /scrfs/storage/zichengx/home/Research/TAD/w2v_culture/outputs/scores/TF/Dividend/scores_TF_Dividend.csv
2024-12-24 17:41:09,747 - INFO - Sample of TF scores for Dividend (first 5 documents):
2024-12-24 17:41:09,748 - INFO - 
   Dividend  document_length    Doc_ID
0         0               88  222560.0
1         0              158  222561.0
2         3             1263  222562.0
3         0              729  222563.0
4         4              440  222564.0
2024-12-24 17:41:09,748 - INFO - Computing TFIDF scores for topic Dividend...
Scoring using TFIDF
2024-12-24 17:56:52,518 - INFO - Saved TFIDF scores for Dividend to /scrfs/storage/zichengx/home/Research/TAD/w2v_culture/outputs/scores/TFIDF/Dividend/scores_TFIDF_Dividend.csv
2024-12-24 17:56:52,524 - INFO - Saved word contributions for Dividend to /scrfs/storage/zichengx/home/Research/TAD/w2v_culture/outputs/scores/word_contributions/Dividend/word_contribution_TFIDF_Dividend.csv
2024-12-24 17:56:52,524 - INFO - Sample of TFIDF scores for Dividend (first 5 documents):
2024-12-24 17:56:52,526 - INFO - 
    Dividend  document_length    Doc_ID
0   0.000000             88.0  222560.0
1   0.000000            158.0  222561.0
2  10.496703           1263.0  222562.0
3   0.000000            729.0  222563.0
4  13.322835            440.0  222564.0
2024-12-24 17:56:52,527 - INFO - Computing WFIDF scores for topic Dividend...
Scoring using WFIDF
2024-12-24 18:12:43,844 - INFO - Saved WFIDF scores for Dividend to /scrfs/storage/zichengx/home/Research/TAD/w2v_culture/outputs/scores/WFIDF/Dividend/scores_WFIDF_Dividend.csv
2024-12-24 18:12:43,849 - INFO - Saved word contributions for Dividend to /scrfs/storage/zichengx/home/Research/TAD/w2v_culture/outputs/scores/word_contributions/Dividend/word_contribution_WFIDF_Dividend.csv
2024-12-24 18:12:43,850 - INFO - Sample of WFIDF scores for Dividend (first 5 documents):
2024-12-24 18:12:43,852 - INFO - 
    Dividend  document_length    Doc_ID
0   0.000000             88.0  222560.0
1   0.000000            158.0  222561.0
2   9.561321           1263.0  222562.0
3   0.000000            729.0  222563.0
4  10.645175            440.0  222564.0
2024-12-24 18:12:43,855 - INFO - 
Processing topic: Growth
2024-12-24 18:12:43,855 - INFO - Number of words in Growth: 40
2024-12-24 18:12:43,856 - INFO - Computing TF scores for topic Growth...
2024-12-24 18:15:41,490 - INFO - Saved TF scores for Growth to /scrfs/storage/zichengx/home/Research/TAD/w2v_culture/outputs/scores/TF/Growth/scores_TF_Growth.csv
2024-12-24 18:15:41,491 - INFO - Sample of TF scores for Growth (first 5 documents):
2024-12-24 18:15:41,493 - INFO - 
   Growth  document_length    Doc_ID
0       1               88  222560.0
1       2              158  222561.0
2      52             1263  222562.0
3      48              729  222563.0
4      19              440  222564.0
2024-12-24 18:15:41,494 - INFO - Computing TFIDF scores for topic Growth...
Scoring using TFIDF
2024-12-24 18:31:44,646 - INFO - Saved TFIDF scores for Growth to /scrfs/storage/zichengx/home/Research/TAD/w2v_culture/outputs/scores/TFIDF/Growth/scores_TFIDF_Growth.csv
2024-12-24 18:31:44,651 - INFO - Saved word contributions for Growth to /scrfs/storage/zichengx/home/Research/TAD/w2v_culture/outputs/scores/word_contributions/Growth/word_contribution_TFIDF_Growth.csv
2024-12-24 18:31:44,651 - INFO - Sample of TFIDF scores for Growth (first 5 documents):
2024-12-24 18:31:44,652 - INFO - 
       Growth  document_length    Doc_ID
0    2.171058             88.0  222560.0
1    4.342115            158.0  222561.0
2  146.486503           1263.0  222562.0
3  128.924789            729.0  222563.0
4   48.744267            440.0  222564.0
2024-12-24 18:31:44,653 - INFO - Computing WFIDF scores for topic Growth...
Scoring using WFIDF
2024-12-24 18:48:05,698 - INFO - Saved WFIDF scores for Growth to /scrfs/storage/zichengx/home/Research/TAD/w2v_culture/outputs/scores/WFIDF/Growth/scores_WFIDF_Growth.csv
2024-12-24 18:48:05,704 - INFO - Saved word contributions for Growth to /scrfs/storage/zichengx/home/Research/TAD/w2v_culture/outputs/scores/word_contributions/Growth/word_contribution_WFIDF_Growth.csv
2024-12-24 18:48:05,705 - INFO - Sample of WFIDF scores for Growth (first 5 documents):
2024-12-24 18:48:05,708 - INFO - 
      Growth  document_length    Doc_ID
0   2.171058             88.0  222560.0
1   3.675920            158.0  222561.0
2  78.660348           1263.0  222562.0
3  64.174132            729.0  222563.0
4  16.773745            440.0  222564.0
2024-12-24 18:48:05,709 - INFO - 
Processing topic: Short Term Guidance
2024-12-24 18:48:05,709 - INFO - Number of words in Short Term Guidance: 20
2024-12-24 18:48:05,710 - INFO - Computing TF scores for topic Short Term Guidance...
2024-12-24 18:50:26,525 - INFO - Saved TF scores for Short Term Guidance to /scrfs/storage/zichengx/home/Research/TAD/w2v_culture/outputs/scores/TF/Short Term Guidance/scores_TF_Short Term Guidance.csv
2024-12-24 18:50:26,527 - INFO - Sample of TF scores for Short Term Guidance (first 5 documents):
2024-12-24 18:50:26,528 - INFO - 
   Short Term Guidance  document_length    Doc_ID
0                    1               88  222560.0
1                    3              158  222561.0
2                   33             1263  222562.0
3                   27              729  222563.0
4                   15              440  222564.0
2024-12-24 18:50:26,529 - INFO - Computing TFIDF scores for topic Short Term Guidance...
Scoring using TFIDF
2024-12-24 19:02:45,162 - INFO - Saved TFIDF scores for Short Term Guidance to /scrfs/storage/zichengx/home/Research/TAD/w2v_culture/outputs/scores/TFIDF/Short Term Guidance/scores_TFIDF_Short Term Guidance.csv
2024-12-24 19:02:45,167 - INFO - Saved word contributions for Short Term Guidance to /scrfs/storage/zichengx/home/Research/TAD/w2v_culture/outputs/scores/word_contributions/Short Term Guidance/word_contribution_TFIDF_Short Term Guidance.csv
2024-12-24 19:02:45,167 - INFO - Sample of TFIDF scores for Short Term Guidance (first 5 documents):
2024-12-24 19:02:45,169 - INFO - 
   Short Term Guidance  document_length    Doc_ID
0             2.171058             88.0  222560.0
1             8.586553            158.0  222561.0
2            80.350719           1263.0  222562.0
3            64.276141            729.0  222563.0
4            39.924912            440.0  222564.0
2024-12-24 19:02:45,169 - INFO - Computing WFIDF scores for topic Short Term Guidance...
Scoring using WFIDF
2024-12-24 19:15:06,006 - INFO - Saved WFIDF scores for Short Term Guidance to /scrfs/storage/zichengx/home/Research/TAD/w2v_culture/outputs/scores/WFIDF/Short Term Guidance/scores_WFIDF_Short Term Guidance.csv
2024-12-24 19:15:06,011 - INFO - Saved word contributions for Short Term Guidance to /scrfs/storage/zichengx/home/Research/TAD/w2v_culture/outputs/scores/word_contributions/Short Term Guidance/word_contribution_WFIDF_Short Term Guidance.csv
2024-12-24 19:15:06,011 - INFO - Sample of WFIDF scores for Short Term Guidance (first 5 documents):
2024-12-24 19:15:06,013 - INFO - 
   Short Term Guidance  document_length    Doc_ID
0             2.171058             88.0  222560.0
1             7.920358            158.0  222561.0
2            30.539915           1263.0  222562.0
3            24.432939            729.0  222563.0
4            25.384437            440.0  222564.0
2024-12-24 19:15:06,014 - INFO - 
Processing topic: Investment
2024-12-24 19:15:06,014 - INFO - Number of words in Investment: 20
2024-12-24 19:15:06,014 - INFO - Computing TF scores for topic Investment...
2024-12-24 19:17:36,758 - INFO - Saved TF scores for Investment to /scrfs/storage/zichengx/home/Research/TAD/w2v_culture/outputs/scores/TF/Investment/scores_TF_Investment.csv
2024-12-24 19:17:36,759 - INFO - Sample of TF scores for Investment (first 5 documents):
2024-12-24 19:17:36,761 - INFO - 
   Investment  document_length    Doc_ID
0           0               88  222560.0
1           0              158  222561.0
2           2             1263  222562.0
3           1              729  222563.0
4           2              440  222564.0
2024-12-24 19:17:36,763 - INFO - Computing TFIDF scores for topic Investment...
Scoring using TFIDF
2024-12-24 19:29:44,112 - INFO - Saved TFIDF scores for Investment to /scrfs/storage/zichengx/home/Research/TAD/w2v_culture/outputs/scores/TFIDF/Investment/scores_TFIDF_Investment.csv
2024-12-24 19:29:44,117 - INFO - Saved word contributions for Investment to /scrfs/storage/zichengx/home/Research/TAD/w2v_culture/outputs/scores/word_contributions/Investment/word_contribution_TFIDF_Investment.csv
2024-12-24 19:29:44,117 - INFO - Sample of TFIDF scores for Investment (first 5 documents):
2024-12-24 19:29:44,120 - INFO - 
   Investment  document_length    Doc_ID
0     0.00000             88.0  222560.0
1     0.00000            158.0  222561.0
2    10.75913           1263.0  222562.0
3     3.77720            729.0  222563.0
4    11.20295            440.0  222564.0
2024-12-24 19:29:44,121 - INFO - Computing WFIDF scores for topic Investment...
Scoring using WFIDF
2024-12-24 19:41:57,515 - INFO - Saved WFIDF scores for Investment to /scrfs/storage/zichengx/home/Research/TAD/w2v_culture/outputs/scores/WFIDF/Investment/scores_WFIDF_Investment.csv
2024-12-24 19:41:57,520 - INFO - Saved word contributions for Investment to /scrfs/storage/zichengx/home/Research/TAD/w2v_culture/outputs/scores/word_contributions/Investment/word_contribution_WFIDF_Investment.csv
2024-12-24 19:41:57,521 - INFO - Sample of WFIDF scores for Investment (first 5 documents):
2024-12-24 19:41:57,522 - INFO - 
   Investment  document_length    Doc_ID
0    0.000000             88.0  222560.0
1    0.000000            158.0  222561.0
2   10.759130           1263.0  222562.0
3    3.777200            729.0  222563.0
4    9.484121            440.0  222564.0
2024-12-24 19:41:57,523 - INFO - 
Processing topic: Corporate Tax
2024-12-24 19:41:57,523 - INFO - Number of words in Corporate Tax: 20
2024-12-24 19:41:57,524 - INFO - Computing TF scores for topic Corporate Tax...
2024-12-24 19:44:13,507 - INFO - Saved TF scores for Corporate Tax to /scrfs/storage/zichengx/home/Research/TAD/w2v_culture/outputs/scores/TF/Corporate Tax/scores_TF_Corporate Tax.csv
2024-12-24 19:44:13,507 - INFO - Sample of TF scores for Corporate Tax (first 5 documents):
2024-12-24 19:44:13,508 - INFO - 
   Corporate Tax  document_length    Doc_ID
0              0               88  222560.0
1              0              158  222561.0
2              3             1263  222562.0
3              5              729  222563.0
4             21              440  222564.0
2024-12-24 19:44:13,509 - INFO - Computing TFIDF scores for topic Corporate Tax...
Scoring using TFIDF
2024-12-24 19:56:13,216 - INFO - Saved TFIDF scores for Corporate Tax to /scrfs/storage/zichengx/home/Research/TAD/w2v_culture/outputs/scores/TFIDF/Corporate Tax/scores_TFIDF_Corporate Tax.csv
2024-12-24 19:56:13,221 - INFO - Saved word contributions for Corporate Tax to /scrfs/storage/zichengx/home/Research/TAD/w2v_culture/outputs/scores/word_contributions/Corporate Tax/word_contribution_TFIDF_Corporate Tax.csv
2024-12-24 19:56:13,221 - INFO - Sample of TFIDF scores for Corporate Tax (first 5 documents):
2024-12-24 19:56:13,225 - INFO - 
   Corporate Tax  document_length    Doc_ID
0       0.000000             88.0  222560.0
1       0.000000            158.0  222561.0
2      11.043456           1263.0  222562.0
3      18.405759            729.0  222563.0
4      70.703117            440.0  222564.0
2024-12-24 19:56:13,227 - INFO - Computing WFIDF scores for topic Corporate Tax...
Scoring using WFIDF
2024-12-24 20:08:16,942 - INFO - Saved WFIDF scores for Corporate Tax to /scrfs/storage/zichengx/home/Research/TAD/w2v_culture/outputs/scores/WFIDF/Corporate Tax/scores_WFIDF_Corporate Tax.csv
2024-12-24 20:08:16,947 - INFO - Saved word contributions for Corporate Tax to /scrfs/storage/zichengx/home/Research/TAD/w2v_culture/outputs/scores/word_contributions/Corporate Tax/word_contribution_WFIDF_Corporate Tax.csv
2024-12-24 20:08:16,947 - INFO - Sample of WFIDF scores for Corporate Tax (first 5 documents):
2024-12-24 20:08:16,949 - INFO - 
   Corporate Tax  document_length    Doc_ID
0       0.000000             88.0  222560.0
1       0.000000            158.0  222561.0
2       7.725311           1263.0  222562.0
3       9.605737            729.0  222563.0
4      28.185326            440.0  222564.0
2024-12-24 20:08:16,950 - INFO - 
Processing topic: Operating Cost
2024-12-24 20:08:16,950 - INFO - Number of words in Operating Cost: 20
2024-12-24 20:08:16,951 - INFO - Computing TF scores for topic Operating Cost...
2024-12-24 20:10:49,768 - INFO - Saved TF scores for Operating Cost to /scrfs/storage/zichengx/home/Research/TAD/w2v_culture/outputs/scores/TF/Operating Cost/scores_TF_Operating Cost.csv
2024-12-24 20:10:49,768 - INFO - Sample of TF scores for Operating Cost (first 5 documents):
2024-12-24 20:10:49,769 - INFO - 
   Operating Cost  document_length    Doc_ID
0               0               88  222560.0
1               0              158  222561.0
2               7             1263  222562.0
3               3              729  222563.0
4               1              440  222564.0
2024-12-24 20:10:49,770 - INFO - Computing TFIDF scores for topic Operating Cost...
Scoring using TFIDF
2024-12-24 20:22:53,998 - INFO - Saved TFIDF scores for Operating Cost to /scrfs/storage/zichengx/home/Research/TAD/w2v_culture/outputs/scores/TFIDF/Operating Cost/scores_TFIDF_Operating Cost.csv
2024-12-24 20:22:54,006 - INFO - Saved word contributions for Operating Cost to /scrfs/storage/zichengx/home/Research/TAD/w2v_culture/outputs/scores/word_contributions/Operating Cost/word_contribution_TFIDF_Operating Cost.csv
2024-12-24 20:22:54,007 - INFO - Sample of TFIDF scores for Operating Cost (first 5 documents):
2024-12-24 20:22:54,013 - INFO - 
   Operating Cost  document_length    Doc_ID
0        0.000000             88.0  222560.0
1        0.000000            158.0  222561.0
2       29.053891           1263.0  222562.0
3        8.380434            729.0  222563.0
4        4.464946            440.0  222564.0
2024-12-24 20:22:54,014 - INFO - Computing WFIDF scores for topic Operating Cost...
Scoring using WFIDF
2024-12-24 20:35:04,576 - INFO - Saved WFIDF scores for Operating Cost to /scrfs/storage/zichengx/home/Research/TAD/w2v_culture/outputs/scores/WFIDF/Operating Cost/scores_WFIDF_Operating Cost.csv
2024-12-24 20:35:04,582 - INFO - Saved word contributions for Operating Cost to /scrfs/storage/zichengx/home/Research/TAD/w2v_culture/outputs/scores/word_contributions/Operating Cost/word_contribution_WFIDF_Operating Cost.csv
2024-12-24 20:35:04,583 - INFO - Sample of WFIDF scores for Operating Cost (first 5 documents):
2024-12-24 20:35:04,584 - INFO - 
   Operating Cost  document_length    Doc_ID
0        0.000000             88.0  222560.0
1        0.000000            158.0  222561.0
2       24.991533           1263.0  222562.0
3        5.862427            729.0  222563.0
4        4.464946            440.0  222564.0
2024-12-24 20:35:04,585 - INFO - 
Processing topic: Market Share
2024-12-24 20:35:04,585 - INFO - Number of words in Market Share: 20
2024-12-24 20:35:04,586 - INFO - Computing TF scores for topic Market Share...
2024-12-24 20:37:28,418 - INFO - Saved TF scores for Market Share to /scrfs/storage/zichengx/home/Research/TAD/w2v_culture/outputs/scores/TF/Market Share/scores_TF_Market Share.csv
2024-12-24 20:37:28,419 - INFO - Sample of TF scores for Market Share (first 5 documents):
2024-12-24 20:37:28,420 - INFO - 
   Market Share  document_length    Doc_ID
0             0               88  222560.0
1             1              158  222561.0
2            14             1263  222562.0
3            12              729  222563.0
4             0              440  222564.0
2024-12-24 20:37:28,420 - INFO - Computing TFIDF scores for topic Market Share...
Scoring using TFIDF
2024-12-24 20:49:47,378 - INFO - Saved TFIDF scores for Market Share to /scrfs/storage/zichengx/home/Research/TAD/w2v_culture/outputs/scores/TFIDF/Market Share/scores_TFIDF_Market Share.csv
2024-12-24 20:49:47,386 - INFO - Saved word contributions for Market Share to /scrfs/storage/zichengx/home/Research/TAD/w2v_culture/outputs/scores/word_contributions/Market Share/word_contribution_TFIDF_Market Share.csv
2024-12-24 20:49:47,386 - INFO - Sample of TFIDF scores for Market Share (first 5 documents):
2024-12-24 20:49:47,391 - INFO - 
   Market Share  document_length    Doc_ID
0      0.000000             88.0  222560.0
1      2.491878            158.0  222561.0
2     36.375752           1263.0  222562.0
3     29.097684            729.0  222563.0
4      0.000000            440.0  222564.0
2024-12-24 20:49:47,392 - INFO - Computing WFIDF scores for topic Market Share...
Scoring using WFIDF
2024-12-24 21:02:01,623 - INFO - Saved WFIDF scores for Market Share to /scrfs/storage/zichengx/home/Research/TAD/w2v_culture/outputs/scores/WFIDF/Market Share/scores_WFIDF_Market Share.csv
2024-12-24 21:02:01,628 - INFO - Saved word contributions for Market Share to /scrfs/storage/zichengx/home/Research/TAD/w2v_culture/outputs/scores/word_contributions/Market Share/word_contribution_WFIDF_Market Share.csv
2024-12-24 21:02:01,628 - INFO - Sample of WFIDF scores for Market Share (first 5 documents):
2024-12-24 21:02:01,630 - INFO - 
   Market Share  document_length    Doc_ID
0      0.000000             88.0  222560.0
1      2.491878            158.0  222561.0
2     24.966681           1263.0  222562.0
3     13.694231            729.0  222563.0
4      0.000000            440.0  222564.0
2024-12-24 21:02:01,632 - INFO - 
Processing topic: Financial Position
2024-12-24 21:02:01,633 - INFO - Number of words in Financial Position: 40
2024-12-24 21:02:01,633 - INFO - Computing TF scores for topic Financial Position...
2024-12-24 21:05:16,339 - INFO - Saved TF scores for Financial Position to /scrfs/storage/zichengx/home/Research/TAD/w2v_culture/outputs/scores/TF/Financial Position/scores_TF_Financial Position.csv
2024-12-24 21:05:16,339 - INFO - Sample of TF scores for Financial Position (first 5 documents):
2024-12-24 21:05:16,341 - INFO - 
   Financial Position  document_length    Doc_ID
0                   0               88  222560.0
1                   2              158  222561.0
2                  12             1263  222562.0
3                   0              729  222563.0
4                  10              440  222564.0
2024-12-24 21:05:16,341 - INFO - Computing TFIDF scores for topic Financial Position...
Scoring using TFIDF
2024-12-24 21:21:16,715 - INFO - Saved TFIDF scores for Financial Position to /scrfs/storage/zichengx/home/Research/TAD/w2v_culture/outputs/scores/TFIDF/Financial Position/scores_TFIDF_Financial Position.csv
2024-12-24 21:21:16,721 - INFO - Saved word contributions for Financial Position to /scrfs/storage/zichengx/home/Research/TAD/w2v_culture/outputs/scores/word_contributions/Financial Position/word_contribution_TFIDF_Financial Position.csv
2024-12-24 21:21:16,721 - INFO - Sample of TFIDF scores for Financial Position (first 5 documents):
2024-12-24 21:21:16,737 - INFO - 
   Financial Position  document_length    Doc_ID
0            0.000000             88.0  222560.0
1            8.093961            158.0  222561.0
2           38.138452           1263.0  222562.0
3            0.000000            729.0  222563.0
4           34.555353            440.0  222564.0
2024-12-24 21:21:16,737 - INFO - Computing WFIDF scores for topic Financial Position...
Scoring using WFIDF
2024-12-24 21:37:19,821 - INFO - Saved WFIDF scores for Financial Position to /scrfs/storage/zichengx/home/Research/TAD/w2v_culture/outputs/scores/WFIDF/Financial Position/scores_WFIDF_Financial Position.csv
2024-12-24 21:37:19,826 - INFO - Saved word contributions for Financial Position to /scrfs/storage/zichengx/home/Research/TAD/w2v_culture/outputs/scores/word_contributions/Financial Position/word_contribution_WFIDF_Financial Position.csv
2024-12-24 21:37:19,826 - INFO - Sample of WFIDF scores for Financial Position (first 5 documents):
2024-12-24 21:37:19,828 - INFO - 
   Financial Position  document_length    Doc_ID
0            0.000000             88.0  222560.0
1            8.093961            158.0  222561.0
2           28.441295           1263.0  222562.0
3            0.000000            729.0  222563.0
4           24.677120            440.0  222564.0
2024-12-24 21:37:19,829 - INFO - 
Processing topic: Financing
2024-12-24 21:37:19,829 - INFO - Number of words in Financing: 20
2024-12-24 21:37:19,829 - INFO - Computing TF scores for topic Financing...
2024-12-24 21:40:09,659 - INFO - Saved TF scores for Financing to /scrfs/storage/zichengx/home/Research/TAD/w2v_culture/outputs/scores/TF/Financing/scores_TF_Financing.csv
2024-12-24 21:40:09,660 - INFO - Sample of TF scores for Financing (first 5 documents):
2024-12-24 21:40:09,661 - INFO - 
   Financing  document_length    Doc_ID
0          0               88  222560.0
1          2              158  222561.0
2          1             1263  222562.0
3          4              729  222563.0
4         13              440  222564.0
2024-12-24 21:40:09,661 - INFO - Computing TFIDF scores for topic Financing...
Scoring using TFIDF
2024-12-24 21:52:16,841 - INFO - Saved TFIDF scores for Financing to /scrfs/storage/zichengx/home/Research/TAD/w2v_culture/outputs/scores/TFIDF/Financing/scores_TFIDF_Financing.csv
2024-12-24 21:52:16,847 - INFO - Saved word contributions for Financing to /scrfs/storage/zichengx/home/Research/TAD/w2v_culture/outputs/scores/word_contributions/Financing/word_contribution_TFIDF_Financing.csv
2024-12-24 21:52:16,847 - INFO - Sample of TFIDF scores for Financing (first 5 documents):
2024-12-24 21:52:16,849 - INFO - 
   Financing  document_length    Doc_ID
0   0.000000             88.0  222560.0
1   7.096180            158.0  222561.0
2   3.279471           1263.0  222562.0
3  13.117883            729.0  222563.0
4  42.300528            440.0  222564.0
2024-12-24 21:52:16,850 - INFO - Computing WFIDF scores for topic Financing...
Scoring using WFIDF
2024-12-24 22:04:28,748 - INFO - Saved WFIDF scores for Financing to /scrfs/storage/zichengx/home/Research/TAD/w2v_culture/outputs/scores/WFIDF/Financing/scores_WFIDF_Financing.csv
2024-12-24 22:04:28,753 - INFO - Saved word contributions for Financing to /scrfs/storage/zichengx/home/Research/TAD/w2v_culture/outputs/scores/word_contributions/Financing/word_contribution_WFIDF_Financing.csv
2024-12-24 22:04:28,753 - INFO - Sample of WFIDF scores for Financing (first 5 documents):
2024-12-24 22:04:28,755 - INFO - 
   Financing  document_length    Doc_ID
0   0.000000             88.0  222560.0
1   7.096180            158.0  222561.0
2   3.279471           1263.0  222562.0
3   7.825782            729.0  222563.0
4  18.711435            440.0  222564.0
2024-12-24 22:04:28,755 - INFO - 
Processing topic: Asset Impairment
2024-12-24 22:04:28,756 - INFO - Number of words in Asset Impairment: 20
2024-12-24 22:04:28,756 - INFO - Computing TF scores for topic Asset Impairment...
2024-12-24 22:06:52,209 - INFO - Saved TF scores for Asset Impairment to /scrfs/storage/zichengx/home/Research/TAD/w2v_culture/outputs/scores/TF/Asset Impairment/scores_TF_Asset Impairment.csv
2024-12-24 22:06:52,210 - INFO - Sample of TF scores for Asset Impairment (first 5 documents):
2024-12-24 22:06:52,212 - INFO - 
   Asset Impairment  document_length    Doc_ID
0                 0               88  222560.0
1                 0              158  222561.0
2                 2             1263  222562.0
3                 0              729  222563.0
4                 0              440  222564.0
2024-12-24 22:06:52,212 - INFO - Computing TFIDF scores for topic Asset Impairment...
Scoring using TFIDF
2024-12-24 22:18:51,472 - INFO - Saved TFIDF scores for Asset Impairment to /scrfs/storage/zichengx/home/Research/TAD/w2v_culture/outputs/scores/TFIDF/Asset Impairment/scores_TFIDF_Asset Impairment.csv
2024-12-24 22:18:51,478 - INFO - Saved word contributions for Asset Impairment to /scrfs/storage/zichengx/home/Research/TAD/w2v_culture/outputs/scores/word_contributions/Asset Impairment/word_contribution_TFIDF_Asset Impairment.csv
2024-12-24 22:18:51,478 - INFO - Sample of TFIDF scores for Asset Impairment (first 5 documents):
2024-12-24 22:18:51,482 - INFO - 
   Asset Impairment  document_length    Doc_ID
0          0.000000             88.0  222560.0
1          0.000000            158.0  222561.0
2         10.065746           1263.0  222562.0
3          0.000000            729.0  222563.0
4          0.000000            440.0  222564.0
2024-12-24 22:18:51,483 - INFO - Computing WFIDF scores for topic Asset Impairment...
Scoring using WFIDF
2024-12-24 22:30:44,872 - INFO - Saved WFIDF scores for Asset Impairment to /scrfs/storage/zichengx/home/Research/TAD/w2v_culture/outputs/scores/WFIDF/Asset Impairment/scores_WFIDF_Asset Impairment.csv
2024-12-24 22:30:44,876 - INFO - Saved word contributions for Asset Impairment to /scrfs/storage/zichengx/home/Research/TAD/w2v_culture/outputs/scores/word_contributions/Asset Impairment/word_contribution_WFIDF_Asset Impairment.csv
2024-12-24 22:30:44,877 - INFO - Sample of WFIDF scores for Asset Impairment (first 5 documents):
2024-12-24 22:30:44,878 - INFO - 
   Asset Impairment  document_length    Doc_ID
0          0.000000             88.0  222560.0
1          0.000000            158.0  222561.0
2          8.521395           1263.0  222562.0
3          0.000000            729.0  222563.0
4          0.000000            440.0  222564.0
2024-12-24 22:30:44,879 - INFO - 
Processing topic: Customer Segment Analysis
2024-12-24 22:30:44,879 - INFO - Number of words in Customer Segment Analysis: 40
2024-12-24 22:30:44,880 - INFO - Computing TF scores for topic Customer Segment Analysis...
2024-12-24 22:33:35,388 - INFO - Saved TF scores for Customer Segment Analysis to /scrfs/storage/zichengx/home/Research/TAD/w2v_culture/outputs/scores/TF/Customer Segment Analysis/scores_TF_Customer Segment Analysis.csv
2024-12-24 22:33:35,388 - INFO - Sample of TF scores for Customer Segment Analysis (first 5 documents):
2024-12-24 22:33:35,389 - INFO - 
   Customer Segment Analysis  document_length    Doc_ID
0                          0               88  222560.0
1                          0              158  222561.0
2                         13             1263  222562.0
3                         18              729  222563.0
4                          1              440  222564.0
2024-12-24 22:33:35,389 - INFO - Computing TFIDF scores for topic Customer Segment Analysis...
Scoring using TFIDF
2024-12-24 22:49:31,185 - INFO - Saved TFIDF scores for Customer Segment Analysis to /scrfs/storage/zichengx/home/Research/TAD/w2v_culture/outputs/scores/TFIDF/Customer Segment Analysis/scores_TFIDF_Customer Segment Analysis.csv
2024-12-24 22:49:31,191 - INFO - Saved word contributions for Customer Segment Analysis to /scrfs/storage/zichengx/home/Research/TAD/w2v_culture/outputs/scores/word_contributions/Customer Segment Analysis/word_contribution_TFIDF_Customer Segment Analysis.csv
2024-12-24 22:49:31,191 - INFO - Sample of TFIDF scores for Customer Segment Analysis (first 5 documents):
2024-12-24 22:49:31,194 - INFO - 
   Customer Segment Analysis  document_length    Doc_ID
0                   0.000000             88.0  222560.0
1                   0.000000            158.0  222561.0
2                  50.020320           1263.0  222562.0
3                  54.570369            729.0  222563.0
4                   5.321692            440.0  222564.0
2024-12-24 22:49:31,195 - INFO - Computing WFIDF scores for topic Customer Segment Analysis...
Scoring using WFIDF
2024-12-24 23:05:38,831 - INFO - Saved WFIDF scores for Customer Segment Analysis to /scrfs/storage/zichengx/home/Research/TAD/w2v_culture/outputs/scores/WFIDF/Customer Segment Analysis/scores_WFIDF_Customer Segment Analysis.csv
2024-12-24 23:05:38,836 - INFO - Saved word contributions for Customer Segment Analysis to /scrfs/storage/zichengx/home/Research/TAD/w2v_culture/outputs/scores/word_contributions/Customer Segment Analysis/word_contribution_WFIDF_Customer Segment Analysis.csv
2024-12-24 23:05:38,836 - INFO - Sample of WFIDF scores for Customer Segment Analysis (first 5 documents):
2024-12-24 23:05:38,838 - INFO - 
   Customer Segment Analysis  document_length    Doc_ID
0                   0.000000             88.0  222560.0
1                   0.000000            158.0  222561.0
2                  41.086726           1263.0  222562.0
3                  29.313677            729.0  222563.0
4                   5.321692            440.0  222564.0
2024-12-24 23:05:38,839 - INFO - 
Processing topic: Inventory Turnover
2024-12-24 23:05:38,840 - INFO - Number of words in Inventory Turnover: 20
2024-12-24 23:05:38,840 - INFO - Computing TF scores for topic Inventory Turnover...
2024-12-24 23:07:53,564 - INFO - Saved TF scores for Inventory Turnover to /scrfs/storage/zichengx/home/Research/TAD/w2v_culture/outputs/scores/TF/Inventory Turnover/scores_TF_Inventory Turnover.csv
2024-12-24 23:07:53,564 - INFO - Sample of TF scores for Inventory Turnover (first 5 documents):
2024-12-24 23:07:53,565 - INFO - 
   Inventory Turnover  document_length    Doc_ID
0                   1               88  222560.0
1                   2              158  222561.0
2                  24             1263  222562.0
3                  24              729  222563.0
4                  11              440  222564.0
2024-12-24 23:07:53,565 - INFO - Computing TFIDF scores for topic Inventory Turnover...
Scoring using TFIDF
2024-12-24 23:19:53,451 - INFO - Saved TFIDF scores for Inventory Turnover to /scrfs/storage/zichengx/home/Research/TAD/w2v_culture/outputs/scores/TFIDF/Inventory Turnover/scores_TFIDF_Inventory Turnover.csv
2024-12-24 23:19:53,459 - INFO - Saved word contributions for Inventory Turnover to /scrfs/storage/zichengx/home/Research/TAD/w2v_culture/outputs/scores/word_contributions/Inventory Turnover/word_contribution_TFIDF_Inventory Turnover.csv
2024-12-24 23:19:53,460 - INFO - Sample of TFIDF scores for Inventory Turnover (first 5 documents):
2024-12-24 23:19:53,466 - INFO - 
   Inventory Turnover  document_length    Doc_ID
0            2.171058             88.0  222560.0
1            4.342115            158.0  222561.0
2           58.359701           1263.0  222562.0
3           55.827176            729.0  222563.0
4           24.963830            440.0  222564.0
2024-12-24 23:19:53,467 - INFO - Computing WFIDF scores for topic Inventory Turnover...
Scoring using WFIDF
2024-12-24 23:31:52,463 - INFO - Saved WFIDF scores for Inventory Turnover to /scrfs/storage/zichengx/home/Research/TAD/w2v_culture/outputs/scores/WFIDF/Inventory Turnover/scores_WFIDF_Inventory Turnover.csv
2024-12-24 23:31:52,467 - INFO - Saved word contributions for Inventory Turnover to /scrfs/storage/zichengx/home/Research/TAD/w2v_culture/outputs/scores/word_contributions/Inventory Turnover/word_contribution_WFIDF_Inventory Turnover.csv
2024-12-24 23:31:52,467 - INFO - Sample of WFIDF scores for Inventory Turnover (first 5 documents):
2024-12-24 23:31:52,469 - INFO - 
   Inventory Turnover  document_length    Doc_ID
0            2.171058             88.0  222560.0
1            3.675920            158.0  222561.0
2           22.615242           1263.0  222562.0
3           15.708579            729.0  222563.0
4           10.423355            440.0  222564.0
2024-12-24 23:31:52,469 - INFO - 
Processing topic: Sales Pipeline
2024-12-24 23:31:52,470 - INFO - Number of words in Sales Pipeline: 20
2024-12-24 23:31:52,470 - INFO - Computing TF scores for topic Sales Pipeline...
2024-12-24 23:34:09,877 - INFO - Saved TF scores for Sales Pipeline to /scrfs/storage/zichengx/home/Research/TAD/w2v_culture/outputs/scores/TF/Sales Pipeline/scores_TF_Sales Pipeline.csv
2024-12-24 23:34:09,877 - INFO - Sample of TF scores for Sales Pipeline (first 5 documents):
2024-12-24 23:34:09,878 - INFO - 
   Sales Pipeline  document_length    Doc_ID
0               0               88  222560.0
1               0              158  222561.0
2               6             1263  222562.0
3               4              729  222563.0
4               2              440  222564.0
2024-12-24 23:34:09,878 - INFO - Computing TFIDF scores for topic Sales Pipeline...
Scoring using TFIDF
2024-12-24 23:46:25,638 - INFO - Saved TFIDF scores for Sales Pipeline to /scrfs/storage/zichengx/home/Research/TAD/w2v_culture/outputs/scores/TFIDF/Sales Pipeline/scores_TFIDF_Sales Pipeline.csv
2024-12-24 23:46:25,643 - INFO - Saved word contributions for Sales Pipeline to /scrfs/storage/zichengx/home/Research/TAD/w2v_culture/outputs/scores/word_contributions/Sales Pipeline/word_contribution_TFIDF_Sales Pipeline.csv
2024-12-24 23:46:25,643 - INFO - Sample of TFIDF scores for Sales Pipeline (first 5 documents):
2024-12-24 23:46:25,647 - INFO - 
   Sales Pipeline  document_length    Doc_ID
0        0.000000             88.0  222560.0
1        0.000000            158.0  222561.0
2       19.509524           1263.0  222562.0
3       12.965786            729.0  222563.0
4        5.847582            440.0  222564.0
2024-12-24 23:46:25,647 - INFO - Computing WFIDF scores for topic Sales Pipeline...
Scoring using WFIDF
2024-12-24 23:58:41,915 - INFO - Saved WFIDF scores for Sales Pipeline to /scrfs/storage/zichengx/home/Research/TAD/w2v_culture/outputs/scores/WFIDF/Sales Pipeline/scores_WFIDF_Sales Pipeline.csv
2024-12-24 23:58:41,920 - INFO - Saved word contributions for Sales Pipeline to /scrfs/storage/zichengx/home/Research/TAD/w2v_culture/outputs/scores/word_contributions/Sales Pipeline/word_contribution_WFIDF_Sales Pipeline.csv
2024-12-24 23:58:41,920 - INFO - Sample of WFIDF scores for Sales Pipeline (first 5 documents):
2024-12-24 23:58:41,925 - INFO - 
   Sales Pipeline  document_length    Doc_ID
0        0.000000             88.0  222560.0
1        0.000000            158.0  222561.0
2       17.566246           1263.0  222562.0
3       12.026490            729.0  222563.0
4        5.847582            440.0  222564.0
2024-12-24 23:58:41,925 - INFO - 
Processing topic: Foreign Exchange Impact
2024-12-24 23:58:41,925 - INFO - Number of words in Foreign Exchange Impact: 20
2024-12-24 23:58:41,927 - INFO - Computing TF scores for topic Foreign Exchange Impact...
2024-12-25 00:01:04,921 - INFO - Saved TF scores for Foreign Exchange Impact to /scrfs/storage/zichengx/home/Research/TAD/w2v_culture/outputs/scores/TF/Foreign Exchange Impact/scores_TF_Foreign Exchange Impact.csv
2024-12-25 00:01:04,921 - INFO - Sample of TF scores for Foreign Exchange Impact (first 5 documents):
2024-12-25 00:01:04,922 - INFO - 
   Foreign Exchange Impact  document_length    Doc_ID
0                        0               88  222560.0
1                        0              158  222561.0
2                        1             1263  222562.0
3                        1              729  222563.0
4                        1              440  222564.0
2024-12-25 00:01:04,923 - INFO - Computing TFIDF scores for topic Foreign Exchange Impact...
Scoring using TFIDF
2024-12-25 00:13:03,867 - INFO - Saved TFIDF scores for Foreign Exchange Impact to /scrfs/storage/zichengx/home/Research/TAD/w2v_culture/outputs/scores/TFIDF/Foreign Exchange Impact/scores_TFIDF_Foreign Exchange Impact.csv
2024-12-25 00:13:03,871 - INFO - Saved word contributions for Foreign Exchange Impact to /scrfs/storage/zichengx/home/Research/TAD/w2v_culture/outputs/scores/word_contributions/Foreign Exchange Impact/word_contribution_TFIDF_Foreign Exchange Impact.csv
2024-12-25 00:13:03,872 - INFO - Sample of TFIDF scores for Foreign Exchange Impact (first 5 documents):
2024-12-25 00:13:03,873 - INFO - 
   Foreign Exchange Impact  document_length    Doc_ID
0                 0.000000             88.0  222560.0
1                 0.000000            158.0  222561.0
2                 2.869427           1263.0  222562.0
3                 2.869427            729.0  222563.0
4                 2.869427            440.0  222564.0
2024-12-25 00:13:03,873 - INFO - Computing WFIDF scores for topic Foreign Exchange Impact...
Scoring using WFIDF
2024-12-25 00:24:57,527 - INFO - Saved WFIDF scores for Foreign Exchange Impact to /scrfs/storage/zichengx/home/Research/TAD/w2v_culture/outputs/scores/WFIDF/Foreign Exchange Impact/scores_WFIDF_Foreign Exchange Impact.csv
2024-12-25 00:24:57,533 - INFO - Saved word contributions for Foreign Exchange Impact to /scrfs/storage/zichengx/home/Research/TAD/w2v_culture/outputs/scores/word_contributions/Foreign Exchange Impact/word_contribution_WFIDF_Foreign Exchange Impact.csv
2024-12-25 00:24:57,533 - INFO - Sample of WFIDF scores for Foreign Exchange Impact (first 5 documents):
2024-12-25 00:24:57,536 - INFO - 
   Foreign Exchange Impact  document_length    Doc_ID
0                 0.000000             88.0  222560.0
1                 0.000000            158.0  222561.0
2                 2.869427           1263.0  222562.0
3                 2.869427            729.0  222563.0
4                 2.869427            440.0  222564.0
2024-12-25 00:24:57,536 - INFO - 
Processing topic: New Product Launches
2024-12-25 00:24:57,537 - INFO - Number of words in New Product Launches: 20
2024-12-25 00:24:57,537 - INFO - Computing TF scores for topic New Product Launches...
2024-12-25 00:27:11,739 - INFO - Saved TF scores for New Product Launches to /scrfs/storage/zichengx/home/Research/TAD/w2v_culture/outputs/scores/TF/New Product Launches/scores_TF_New Product Launches.csv
2024-12-25 00:27:11,740 - INFO - Sample of TF scores for New Product Launches (first 5 documents):
2024-12-25 00:27:11,741 - INFO - 
   New Product Launches  document_length    Doc_ID
0                     0               88  222560.0
1                     1              158  222561.0
2                     4             1263  222562.0
3                     2              729  222563.0
4                     0              440  222564.0
2024-12-25 00:27:11,742 - INFO - Computing TFIDF scores for topic New Product Launches...
Scoring using TFIDF
2024-12-25 00:39:16,744 - INFO - Saved TFIDF scores for New Product Launches to /scrfs/storage/zichengx/home/Research/TAD/w2v_culture/outputs/scores/TFIDF/New Product Launches/scores_TFIDF_New Product Launches.csv
2024-12-25 00:39:16,750 - INFO - Saved word contributions for New Product Launches to /scrfs/storage/zichengx/home/Research/TAD/w2v_culture/outputs/scores/word_contributions/New Product Launches/word_contribution_TFIDF_New Product Launches.csv
2024-12-25 00:39:16,750 - INFO - Sample of TFIDF scores for New Product Launches (first 5 documents):
2024-12-25 00:39:16,752 - INFO - 
   New Product Launches  document_length    Doc_ID
0              0.000000             88.0  222560.0
1              4.003381            158.0  222561.0
2             15.715750           1263.0  222562.0
3              7.173712            729.0  222563.0
4              0.000000            440.0  222564.0
2024-12-25 00:39:16,752 - INFO - Computing WFIDF scores for topic New Product Launches...
Scoring using WFIDF
2024-12-25 00:51:20,983 - INFO - Saved WFIDF scores for New Product Launches to /scrfs/storage/zichengx/home/Research/TAD/w2v_culture/outputs/scores/WFIDF/New Product Launches/scores_WFIDF_New Product Launches.csv
2024-12-25 00:51:20,988 - INFO - Saved word contributions for New Product Launches to /scrfs/storage/zichengx/home/Research/TAD/w2v_culture/outputs/scores/word_contributions/New Product Launches/word_contribution_WFIDF_New Product Launches.csv
2024-12-25 00:51:20,988 - INFO - Sample of WFIDF scores for New Product Launches (first 5 documents):
2024-12-25 00:51:20,990 - INFO - 
   New Product Launches  document_length    Doc_ID
0              0.000000             88.0  222560.0
1              4.003381            158.0  222561.0
2             14.455428           1263.0  222562.0
3              7.173712            729.0  222563.0
4              0.000000            440.0  222564.0
2024-12-25 00:51:20,991 - INFO - 
Processing topic: Capacity Utilization
2024-12-25 00:51:20,991 - INFO - Number of words in Capacity Utilization: 20
2024-12-25 00:51:20,993 - INFO - Computing TF scores for topic Capacity Utilization...
2024-12-25 00:53:43,351 - INFO - Saved TF scores for Capacity Utilization to /scrfs/storage/zichengx/home/Research/TAD/w2v_culture/outputs/scores/TF/Capacity Utilization/scores_TF_Capacity Utilization.csv
2024-12-25 00:53:43,351 - INFO - Sample of TF scores for Capacity Utilization (first 5 documents):
2024-12-25 00:53:43,352 - INFO - 
   Capacity Utilization  document_length    Doc_ID
0                     0               88  222560.0
1                     0              158  222561.0
2                     8             1263  222562.0
3                     6              729  222563.0
4                     1              440  222564.0
2024-12-25 00:53:43,352 - INFO - Computing TFIDF scores for topic Capacity Utilization...
Scoring using TFIDF
2024-12-25 01:05:46,037 - INFO - Saved TFIDF scores for Capacity Utilization to /scrfs/storage/zichengx/home/Research/TAD/w2v_culture/outputs/scores/TFIDF/Capacity Utilization/scores_TFIDF_Capacity Utilization.csv
2024-12-25 01:05:46,043 - INFO - Saved word contributions for Capacity Utilization to /scrfs/storage/zichengx/home/Research/TAD/w2v_culture/outputs/scores/word_contributions/Capacity Utilization/word_contribution_TFIDF_Capacity Utilization.csv
2024-12-25 01:05:46,043 - INFO - Sample of TFIDF scores for Capacity Utilization (first 5 documents):
2024-12-25 01:05:46,047 - INFO - 
   Capacity Utilization  document_length    Doc_ID
0              0.000000             88.0  222560.0
1              0.000000            158.0  222561.0
2             33.503461           1263.0  222562.0
3             25.969534            729.0  222563.0
4              3.820155            440.0  222564.0
2024-12-25 01:05:46,048 - INFO - Computing WFIDF scores for topic Capacity Utilization...
Scoring using WFIDF
2024-12-25 01:17:43,300 - INFO - Saved WFIDF scores for Capacity Utilization to /scrfs/storage/zichengx/home/Research/TAD/w2v_culture/outputs/scores/WFIDF/Capacity Utilization/scores_WFIDF_Capacity Utilization.csv
2024-12-25 01:17:43,307 - INFO - Saved word contributions for Capacity Utilization to /scrfs/storage/zichengx/home/Research/TAD/w2v_culture/outputs/scores/word_contributions/Capacity Utilization/word_contribution_WFIDF_Capacity Utilization.csv
2024-12-25 01:17:43,307 - INFO - Sample of WFIDF scores for Capacity Utilization (first 5 documents):
2024-12-25 01:17:43,310 - INFO - 
   Capacity Utilization  document_length    Doc_ID
0              0.000000             88.0  222560.0
1              0.000000            158.0  222561.0
2             27.418862           1263.0  222562.0
3             23.342016            729.0  222563.0
4              3.820155            440.0  222564.0
2024-12-25 01:17:43,311 - INFO - 
Processing topic: Litigation Risk
2024-12-25 01:17:43,312 - INFO - Number of words in Litigation Risk: 20
2024-12-25 01:17:43,313 - INFO - Computing TF scores for topic Litigation Risk...
2024-12-25 01:19:56,639 - INFO - Saved TF scores for Litigation Risk to /scrfs/storage/zichengx/home/Research/TAD/w2v_culture/outputs/scores/TF/Litigation Risk/scores_TF_Litigation Risk.csv
2024-12-25 01:19:56,639 - INFO - Sample of TF scores for Litigation Risk (first 5 documents):
2024-12-25 01:19:56,640 - INFO - 
   Litigation Risk  document_length    Doc_ID
0                0               88  222560.0
1                0              158  222561.0
2                0             1263  222562.0
3                0              729  222563.0
4                0              440  222564.0
2024-12-25 01:19:56,644 - INFO - Computing TFIDF scores for topic Litigation Risk...
Scoring using TFIDF
2024-12-25 01:32:03,489 - INFO - Saved TFIDF scores for Litigation Risk to /scrfs/storage/zichengx/home/Research/TAD/w2v_culture/outputs/scores/TFIDF/Litigation Risk/scores_TFIDF_Litigation Risk.csv
2024-12-25 01:32:03,494 - INFO - Saved word contributions for Litigation Risk to /scrfs/storage/zichengx/home/Research/TAD/w2v_culture/outputs/scores/word_contributions/Litigation Risk/word_contribution_TFIDF_Litigation Risk.csv
2024-12-25 01:32:03,495 - INFO - Sample of TFIDF scores for Litigation Risk (first 5 documents):
2024-12-25 01:32:03,497 - INFO - 
   Litigation Risk  document_length    Doc_ID
0              0.0             88.0  222560.0
1              0.0            158.0  222561.0
2              0.0           1263.0  222562.0
3              0.0            729.0  222563.0
4              0.0            440.0  222564.0
2024-12-25 01:32:03,497 - INFO - Computing WFIDF scores for topic Litigation Risk...
Scoring using WFIDF
2024-12-25 01:44:11,044 - INFO - Saved WFIDF scores for Litigation Risk to /scrfs/storage/zichengx/home/Research/TAD/w2v_culture/outputs/scores/WFIDF/Litigation Risk/scores_WFIDF_Litigation Risk.csv
2024-12-25 01:44:11,049 - INFO - Saved word contributions for Litigation Risk to /scrfs/storage/zichengx/home/Research/TAD/w2v_culture/outputs/scores/word_contributions/Litigation Risk/word_contribution_WFIDF_Litigation Risk.csv
2024-12-25 01:44:11,049 - INFO - Sample of WFIDF scores for Litigation Risk (first 5 documents):
2024-12-25 01:44:11,051 - INFO - 
   Litigation Risk  document_length    Doc_ID
0              0.0             88.0  222560.0
1              0.0            158.0  222561.0
2              0.0           1263.0  222562.0
3              0.0            729.0  222563.0
4              0.0            440.0  222564.0
2024-12-25 01:44:11,052 - INFO - 
Processing topic: Geographic Expansion
2024-12-25 01:44:11,052 - INFO - Number of words in Geographic Expansion: 20
2024-12-25 01:44:11,053 - INFO - Computing TF scores for topic Geographic Expansion...
2024-12-25 01:46:33,012 - INFO - Saved TF scores for Geographic Expansion to /scrfs/storage/zichengx/home/Research/TAD/w2v_culture/outputs/scores/TF/Geographic Expansion/scores_TF_Geographic Expansion.csv
2024-12-25 01:46:33,014 - INFO - Sample of TF scores for Geographic Expansion (first 5 documents):
2024-12-25 01:46:33,015 - INFO - 
   Geographic Expansion  document_length    Doc_ID
0                     0               88  222560.0
1                     1              158  222561.0
2                     5             1263  222562.0
3                     1              729  222563.0
4                     0              440  222564.0
2024-12-25 01:46:33,016 - INFO - Computing TFIDF scores for topic Geographic Expansion...
Scoring using TFIDF
2024-12-25 01:58:35,711 - INFO - Saved TFIDF scores for Geographic Expansion to /scrfs/storage/zichengx/home/Research/TAD/w2v_culture/outputs/scores/TFIDF/Geographic Expansion/scores_TFIDF_Geographic Expansion.csv
2024-12-25 01:58:35,717 - INFO - Saved word contributions for Geographic Expansion to /scrfs/storage/zichengx/home/Research/TAD/w2v_culture/outputs/scores/word_contributions/Geographic Expansion/word_contribution_TFIDF_Geographic Expansion.csv
2024-12-25 01:58:35,717 - INFO - Sample of TFIDF scores for Geographic Expansion (first 5 documents):
2024-12-25 01:58:35,719 - INFO - 
   Geographic Expansion  document_length    Doc_ID
0              0.000000             88.0  222560.0
1              2.491878            158.0  222561.0
2             19.509869           1263.0  222562.0
3              2.491878            729.0  222563.0
4              0.000000            440.0  222564.0
2024-12-25 01:58:35,720 - INFO - Computing WFIDF scores for topic Geographic Expansion...
Scoring using WFIDF
2024-12-25 02:10:33,359 - INFO - Saved WFIDF scores for Geographic Expansion to /scrfs/storage/zichengx/home/Research/TAD/w2v_culture/outputs/scores/WFIDF/Geographic Expansion/scores_WFIDF_Geographic Expansion.csv
2024-12-25 02:10:33,365 - INFO - Saved word contributions for Geographic Expansion to /scrfs/storage/zichengx/home/Research/TAD/w2v_culture/outputs/scores/word_contributions/Geographic Expansion/word_contribution_WFIDF_Geographic Expansion.csv
2024-12-25 02:10:33,365 - INFO - Sample of WFIDF scores for Geographic Expansion (first 5 documents):
2024-12-25 02:10:33,367 - INFO - 
   Geographic Expansion  document_length    Doc_ID
0              0.000000             88.0  222560.0
1              2.491878            158.0  222561.0
2             18.206837           1263.0  222562.0
3              2.491878            729.0  222563.0
4              0.000000            440.0  222564.0
2024-12-25 02:10:33,368 - INFO - 
Processing topic: Seasonality
2024-12-25 02:10:33,368 - INFO - Number of words in Seasonality: 20
2024-12-25 02:10:33,368 - INFO - Computing TF scores for topic Seasonality...
2024-12-25 02:12:48,483 - INFO - Saved TF scores for Seasonality to /scrfs/storage/zichengx/home/Research/TAD/w2v_culture/outputs/scores/TF/Seasonality/scores_TF_Seasonality.csv
2024-12-25 02:12:48,483 - INFO - Sample of TF scores for Seasonality (first 5 documents):
2024-12-25 02:12:48,487 - INFO - 
   Seasonality  document_length    Doc_ID
0            1               88  222560.0
1            2              158  222561.0
2           45             1263  222562.0
3           42              729  222563.0
4           11              440  222564.0
2024-12-25 02:12:48,487 - INFO - Computing TFIDF scores for topic Seasonality...
Scoring using TFIDF
2024-12-25 02:24:55,964 - INFO - Saved TFIDF scores for Seasonality to /scrfs/storage/zichengx/home/Research/TAD/w2v_culture/outputs/scores/TFIDF/Seasonality/scores_TFIDF_Seasonality.csv
2024-12-25 02:24:55,971 - INFO - Saved word contributions for Seasonality to /scrfs/storage/zichengx/home/Research/TAD/w2v_culture/outputs/scores/word_contributions/Seasonality/word_contribution_TFIDF_Seasonality.csv
2024-12-25 02:24:55,972 - INFO - Sample of TFIDF scores for Seasonality (first 5 documents):
2024-12-25 02:24:55,975 - INFO - 
   Seasonality  document_length    Doc_ID
0     2.171058             88.0  222560.0
1     4.342115            158.0  222561.0
2   115.911456           1263.0  222562.0
3   102.836289            729.0  222563.0
4    24.170480            440.0  222564.0
2024-12-25 02:24:55,977 - INFO - Computing WFIDF scores for topic Seasonality...
Scoring using WFIDF
2024-12-25 02:37:04,265 - INFO - Saved WFIDF scores for Seasonality to /scrfs/storage/zichengx/home/Research/TAD/w2v_culture/outputs/scores/WFIDF/Seasonality/scores_WFIDF_Seasonality.csv
2024-12-25 02:37:04,271 - INFO - Saved word contributions for Seasonality to /scrfs/storage/zichengx/home/Research/TAD/w2v_culture/outputs/scores/word_contributions/Seasonality/word_contribution_WFIDF_Seasonality.csv
2024-12-25 02:37:04,271 - INFO - Sample of WFIDF scores for Seasonality (first 5 documents):
2024-12-25 02:37:04,273 - INFO - 
   Seasonality  document_length    Doc_ID
0     2.171058             88.0  222560.0
1     3.675920            158.0  222561.0
2    46.316748           1263.0  222562.0
3    38.085632            729.0  222563.0
4     9.630005            440.0  222564.0
2024-12-25 02:37:04,274 - INFO - 
Processing topic: Pricing Power
2024-12-25 02:37:04,274 - INFO - Number of words in Pricing Power: 20
2024-12-25 02:37:04,274 - INFO - Computing TF scores for topic Pricing Power...
2024-12-25 02:39:25,864 - INFO - Saved TF scores for Pricing Power to /scrfs/storage/zichengx/home/Research/TAD/w2v_culture/outputs/scores/TF/Pricing Power/scores_TF_Pricing Power.csv
2024-12-25 02:39:25,865 - INFO - Sample of TF scores for Pricing Power (first 5 documents):
2024-12-25 02:39:25,866 - INFO - 
   Pricing Power  document_length    Doc_ID
0              0               88  222560.0
1              1              158  222561.0
2             20             1263  222562.0
3              5              729  222563.0
4              1              440  222564.0
2024-12-25 02:39:25,866 - INFO - Computing TFIDF scores for topic Pricing Power...
Scoring using TFIDF
2024-12-25 02:51:38,185 - INFO - Saved TFIDF scores for Pricing Power to /scrfs/storage/zichengx/home/Research/TAD/w2v_culture/outputs/scores/TFIDF/Pricing Power/scores_TFIDF_Pricing Power.csv
2024-12-25 02:51:38,189 - INFO - Saved word contributions for Pricing Power to /scrfs/storage/zichengx/home/Research/TAD/w2v_culture/outputs/scores/word_contributions/Pricing Power/word_contribution_TFIDF_Pricing Power.csv
2024-12-25 02:51:38,190 - INFO - Sample of TFIDF scores for Pricing Power (first 5 documents):
2024-12-25 02:51:38,191 - INFO - 
   Pricing Power  document_length    Doc_ID
0       0.000000             88.0  222560.0
1       2.491878            158.0  222561.0
2      80.207268           1263.0  222562.0
3      17.189228            729.0  222563.0
4       3.363675            440.0  222564.0
2024-12-25 02:51:38,192 - INFO - Computing WFIDF scores for topic Pricing Power...
Scoring using WFIDF
2024-12-25 03:03:46,241 - INFO - Saved WFIDF scores for Pricing Power to /scrfs/storage/zichengx/home/Research/TAD/w2v_culture/outputs/scores/WFIDF/Pricing Power/scores_WFIDF_Pricing Power.csv
2024-12-25 03:03:46,246 - INFO - Saved word contributions for Pricing Power to /scrfs/storage/zichengx/home/Research/TAD/w2v_culture/outputs/scores/word_contributions/Pricing Power/word_contribution_WFIDF_Pricing Power.csv
2024-12-25 03:03:46,246 - INFO - Sample of WFIDF scores for Pricing Power (first 5 documents):
2024-12-25 03:03:46,248 - INFO - 
   Pricing Power  document_length    Doc_ID
0       0.000000             88.0  222560.0
1       2.491878            158.0  222561.0
2      58.419547           1263.0  222562.0
3      17.189228            729.0  222563.0
4       3.363675            440.0  222564.0
2024-12-25 03:03:46,249 - INFO - 
Processing topic: Partnerships And Collaborations
2024-12-25 03:03:46,250 - INFO - Number of words in Partnerships And Collaborations: 40
2024-12-25 03:03:46,251 - INFO - Computing TF scores for topic Partnerships And Collaborations...
2024-12-25 03:06:30,166 - INFO - Saved TF scores for Partnerships And Collaborations to /scrfs/storage/zichengx/home/Research/TAD/w2v_culture/outputs/scores/TF/Partnerships And Collaborations/scores_TF_Partnerships And Collaborations.csv
2024-12-25 03:06:30,166 - INFO - Sample of TF scores for Partnerships And Collaborations (first 5 documents):
2024-12-25 03:06:30,168 - INFO - 
   Partnerships And Collaborations  document_length    Doc_ID
0                                0               88  222560.0
1                                2              158  222561.0
2                                6             1263  222562.0
3                                2              729  222563.0
4                                3              440  222564.0
2024-12-25 03:06:30,168 - INFO - Computing TFIDF scores for topic Partnerships And Collaborations...
Scoring using TFIDF
2024-12-25 03:22:09,194 - INFO - Saved TFIDF scores for Partnerships And Collaborations to /scrfs/storage/zichengx/home/Research/TAD/w2v_culture/outputs/scores/TFIDF/Partnerships And Collaborations/scores_TFIDF_Partnerships And Collaborations.csv
2024-12-25 03:22:09,199 - INFO - Saved word contributions for Partnerships And Collaborations to /scrfs/storage/zichengx/home/Research/TAD/w2v_culture/outputs/scores/word_contributions/Partnerships And Collaborations/word_contribution_TFIDF_Partnerships And Collaborations.csv
2024-12-25 03:22:09,199 - INFO - Sample of TFIDF scores for Partnerships And Collaborations (first 5 documents):
2024-12-25 03:22:09,204 - INFO - 
   Partnerships And Collaborations  document_length    Doc_ID
0                         0.000000             88.0  222560.0
1                         8.059354            158.0  222561.0
2                        27.769830           1263.0  222562.0
3                         9.802735            729.0  222563.0
4                        15.751381            440.0  222564.0
2024-12-25 03:22:09,205 - INFO - Computing WFIDF scores for topic Partnerships And Collaborations...
Scoring using WFIDF
2024-12-25 03:37:55,986 - INFO - Saved WFIDF scores for Partnerships And Collaborations to /scrfs/storage/zichengx/home/Research/TAD/w2v_culture/outputs/scores/WFIDF/Partnerships And Collaborations/scores_WFIDF_Partnerships And Collaborations.csv
2024-12-25 03:37:55,991 - INFO - Saved word contributions for Partnerships And Collaborations to /scrfs/storage/zichengx/home/Research/TAD/w2v_culture/outputs/scores/word_contributions/Partnerships And Collaborations/word_contribution_WFIDF_Partnerships And Collaborations.csv
2024-12-25 03:37:55,991 - INFO - Sample of WFIDF scores for Partnerships And Collaborations (first 5 documents):
2024-12-25 03:37:55,993 - INFO - 
   Partnerships And Collaborations  document_length    Doc_ID
0                         0.000000             88.0  222560.0
1                         6.822836            158.0  222561.0
2                        26.179470           1263.0  222562.0
3                         9.802735            729.0  222563.0
4                        15.751381            440.0  222564.0
2024-12-25 03:37:55,994 - INFO - 
Processing topic: Debt-To-Equity Ratio
2024-12-25 03:37:55,994 - INFO - Number of words in Debt-To-Equity Ratio: 20
2024-12-25 03:37:55,994 - INFO - Computing TF scores for topic Debt-To-Equity Ratio...
2024-12-25 03:40:18,285 - INFO - Saved TF scores for Debt-To-Equity Ratio to /scrfs/storage/zichengx/home/Research/TAD/w2v_culture/outputs/scores/TF/Debt-To-Equity Ratio/scores_TF_Debt-To-Equity Ratio.csv
2024-12-25 03:40:18,286 - INFO - Sample of TF scores for Debt-To-Equity Ratio (first 5 documents):
2024-12-25 03:40:18,287 - INFO - 
   Debt-To-Equity Ratio  document_length    Doc_ID
0                     0               88  222560.0
1                     0              158  222561.0
2                    14             1263  222562.0
3                     7              729  222563.0
4                     1              440  222564.0
2024-12-25 03:40:18,288 - INFO - Computing TFIDF scores for topic Debt-To-Equity Ratio...
Scoring using TFIDF
2024-12-25 03:52:28,394 - INFO - Saved TFIDF scores for Debt-To-Equity Ratio to /scrfs/storage/zichengx/home/Research/TAD/w2v_culture/outputs/scores/TFIDF/Debt-To-Equity Ratio/scores_TFIDF_Debt-To-Equity Ratio.csv
2024-12-25 03:52:28,399 - INFO - Saved word contributions for Debt-To-Equity Ratio to /scrfs/storage/zichengx/home/Research/TAD/w2v_culture/outputs/scores/word_contributions/Debt-To-Equity Ratio/word_contribution_TFIDF_Debt-To-Equity Ratio.csv
2024-12-25 03:52:28,399 - INFO - Sample of TFIDF scores for Debt-To-Equity Ratio (first 5 documents):
2024-12-25 03:52:28,401 - INFO - 
   Debt-To-Equity Ratio  document_length    Doc_ID
0              0.000000             88.0  222560.0
1              0.000000            158.0  222561.0
2             49.923921           1263.0  222562.0
3             22.699110            729.0  222563.0
4              4.411042            440.0  222564.0
2024-12-25 03:52:28,401 - INFO - Computing WFIDF scores for topic Debt-To-Equity Ratio...
Scoring using WFIDF
2024-12-25 04:04:34,130 - INFO - Saved WFIDF scores for Debt-To-Equity Ratio to /scrfs/storage/zichengx/home/Research/TAD/w2v_culture/outputs/scores/WFIDF/Debt-To-Equity Ratio/scores_WFIDF_Debt-To-Equity Ratio.csv
2024-12-25 04:04:34,135 - INFO - Saved word contributions for Debt-To-Equity Ratio to /scrfs/storage/zichengx/home/Research/TAD/w2v_culture/outputs/scores/word_contributions/Debt-To-Equity Ratio/word_contribution_WFIDF_Debt-To-Equity Ratio.csv
2024-12-25 04:04:34,135 - INFO - Sample of WFIDF scores for Debt-To-Equity Ratio (first 5 documents):
2024-12-25 04:04:34,137 - INFO - 
   Debt-To-Equity Ratio  document_length    Doc_ID
0              0.000000             88.0  222560.0
1              0.000000            158.0  222561.0
2             37.159854           1263.0  222562.0
3             19.241808            729.0  222563.0
4              4.411042            440.0  222564.0
2024-12-25 04:04:34,138 - INFO - 
Processing topic: Backlog or order book status
2024-12-25 04:04:34,138 - INFO - Number of words in Backlog or order book status: 80
2024-12-25 04:04:34,138 - INFO - Computing TF scores for topic Backlog or order book status...
2024-12-25 04:08:20,426 - INFO - Saved TF scores for Backlog or order book status to /scrfs/storage/zichengx/home/Research/TAD/w2v_culture/outputs/scores/TF/Backlog or order book status/scores_TF_Backlog or order book status.csv
2024-12-25 04:08:20,427 - INFO - Sample of TF scores for Backlog or order book status (first 5 documents):
2024-12-25 04:08:20,428 - INFO - 
   Backlog or order book status  document_length    Doc_ID
0                             2               88  222560.0
1                             2              158  222561.0
2                            39             1263  222562.0
3                            34              729  222563.0
4                            11              440  222564.0
2024-12-25 04:08:20,429 - INFO - Computing TFIDF scores for topic Backlog or order book status...
Scoring using TFIDF
2024-12-25 04:31:40,007 - INFO - Saved TFIDF scores for Backlog or order book status to /scrfs/storage/zichengx/home/Research/TAD/w2v_culture/outputs/scores/TFIDF/Backlog or order book status/scores_TFIDF_Backlog or order book status.csv
2024-12-25 04:31:40,012 - INFO - Saved word contributions for Backlog or order book status to /scrfs/storage/zichengx/home/Research/TAD/w2v_culture/outputs/scores/word_contributions/Backlog or order book status/word_contribution_TFIDF_Backlog or order book status.csv
2024-12-25 04:31:40,012 - INFO - Sample of TFIDF scores for Backlog or order book status (first 5 documents):
2024-12-25 04:31:40,014 - INFO - 
   Backlog or order book status  document_length    Doc_ID
0                      7.257141             88.0  222560.0
1                      4.342115            158.0  222561.0
2                    103.356744           1263.0  222562.0
3                     90.267964            729.0  222563.0
4                     26.121620            440.0  222564.0
2024-12-25 04:31:40,015 - INFO - Computing WFIDF scores for topic Backlog or order book status...
Scoring using WFIDF
2024-12-25 04:55:01,816 - INFO - Saved WFIDF scores for Backlog or order book status to /scrfs/storage/zichengx/home/Research/TAD/w2v_culture/outputs/scores/WFIDF/Backlog or order book status/scores_WFIDF_Backlog or order book status.csv
2024-12-25 04:55:01,840 - INFO - Saved word contributions for Backlog or order book status to /scrfs/storage/zichengx/home/Research/TAD/w2v_culture/outputs/scores/word_contributions/Backlog or order book status/word_contribution_WFIDF_Backlog or order book status.csv
2024-12-25 04:55:01,840 - INFO - Sample of WFIDF scores for Backlog or order book status (first 5 documents):
2024-12-25 04:55:01,845 - INFO - 
   Backlog or order book status  document_length    Doc_ID
0                      7.257141             88.0  222560.0
1                      3.675920            158.0  222561.0
2                     46.114644           1263.0  222562.0
3                     39.639021            729.0  222563.0
4                     11.581145            440.0  222564.0
2024-12-25 04:55:01,845 - INFO - 
Processing topic: Promotion Strategy
2024-12-25 04:55:01,846 - INFO - Number of words in Promotion Strategy: 20
2024-12-25 04:55:01,848 - INFO - Computing TF scores for topic Promotion Strategy...
2024-12-25 04:57:22,052 - INFO - Saved TF scores for Promotion Strategy to /scrfs/storage/zichengx/home/Research/TAD/w2v_culture/outputs/scores/TF/Promotion Strategy/scores_TF_Promotion Strategy.csv
2024-12-25 04:57:22,053 - INFO - Sample of TF scores for Promotion Strategy (first 5 documents):
2024-12-25 04:57:22,054 - INFO - 
   Promotion Strategy  document_length    Doc_ID
0                   0               88  222560.0
1                   0              158  222561.0
2                   4             1263  222562.0
3                   0              729  222563.0
4                   0              440  222564.0
2024-12-25 04:57:22,055 - INFO - Computing TFIDF scores for topic Promotion Strategy...
Scoring using TFIDF
2024-12-25 05:09:25,888 - INFO - Saved TFIDF scores for Promotion Strategy to /scrfs/storage/zichengx/home/Research/TAD/w2v_culture/outputs/scores/TFIDF/Promotion Strategy/scores_TFIDF_Promotion Strategy.csv
2024-12-25 05:09:25,893 - INFO - Saved word contributions for Promotion Strategy to /scrfs/storage/zichengx/home/Research/TAD/w2v_culture/outputs/scores/word_contributions/Promotion Strategy/word_contribution_TFIDF_Promotion Strategy.csv
2024-12-25 05:09:25,893 - INFO - Sample of TFIDF scores for Promotion Strategy (first 5 documents):
2024-12-25 05:09:25,896 - INFO - 
   Promotion Strategy  document_length    Doc_ID
0            0.000000             88.0  222560.0
1            0.000000            158.0  222561.0
2           14.247654           1263.0  222562.0
3            0.000000            729.0  222563.0
4            0.000000            440.0  222564.0
2024-12-25 05:09:25,897 - INFO - Computing WFIDF scores for topic Promotion Strategy...
Scoring using WFIDF
2024-12-25 05:21:26,816 - INFO - Saved WFIDF scores for Promotion Strategy to /scrfs/storage/zichengx/home/Research/TAD/w2v_culture/outputs/scores/WFIDF/Promotion Strategy/scores_WFIDF_Promotion Strategy.csv
2024-12-25 05:21:26,822 - INFO - Saved word contributions for Promotion Strategy to /scrfs/storage/zichengx/home/Research/TAD/w2v_culture/outputs/scores/word_contributions/Promotion Strategy/word_contribution_WFIDF_Promotion Strategy.csv
2024-12-25 05:21:26,822 - INFO - Sample of WFIDF scores for Promotion Strategy (first 5 documents):
2024-12-25 05:21:26,823 - INFO - 
   Promotion Strategy  document_length    Doc_ID
0            0.000000             88.0  222560.0
1            0.000000            158.0  222561.0
2           13.243672           1263.0  222562.0
3            0.000000            729.0  222563.0
4            0.000000            440.0  222564.0
2024-12-25 05:21:26,824 - INFO - 
Processing topic: Productivity Metrics
2024-12-25 05:21:26,824 - INFO - Number of words in Productivity Metrics: 20
2024-12-25 05:21:26,825 - INFO - Computing TF scores for topic Productivity Metrics...
2024-12-25 05:23:40,754 - INFO - Saved TF scores for Productivity Metrics to /scrfs/storage/zichengx/home/Research/TAD/w2v_culture/outputs/scores/TF/Productivity Metrics/scores_TF_Productivity Metrics.csv
2024-12-25 05:23:40,754 - INFO - Sample of TF scores for Productivity Metrics (first 5 documents):
2024-12-25 05:23:40,756 - INFO - 
   Productivity Metrics  document_length    Doc_ID
0                     0               88  222560.0
1                     0              158  222561.0
2                     7             1263  222562.0
3                     3              729  222563.0
4                     6              440  222564.0
2024-12-25 05:23:40,756 - INFO - Computing TFIDF scores for topic Productivity Metrics...
Scoring using TFIDF
2024-12-25 05:35:44,400 - INFO - Saved TFIDF scores for Productivity Metrics to /scrfs/storage/zichengx/home/Research/TAD/w2v_culture/outputs/scores/TFIDF/Productivity Metrics/scores_TFIDF_Productivity Metrics.csv
2024-12-25 05:35:44,406 - INFO - Saved word contributions for Productivity Metrics to /scrfs/storage/zichengx/home/Research/TAD/w2v_culture/outputs/scores/word_contributions/Productivity Metrics/word_contribution_TFIDF_Productivity Metrics.csv
2024-12-25 05:35:44,406 - INFO - Sample of TFIDF scores for Productivity Metrics (first 5 documents):
2024-12-25 05:35:44,408 - INFO - 
   Productivity Metrics  document_length    Doc_ID
0              0.000000             88.0  222560.0
1              0.000000            158.0  222561.0
2             22.905498           1263.0  222562.0
3             11.143988            729.0  222563.0
4             24.574136            440.0  222564.0
2024-12-25 05:35:44,409 - INFO - Computing WFIDF scores for topic Productivity Metrics...
Scoring using WFIDF
2024-12-25 05:47:50,375 - INFO - Saved WFIDF scores for Productivity Metrics to /scrfs/storage/zichengx/home/Research/TAD/w2v_culture/outputs/scores/WFIDF/Productivity Metrics/scores_WFIDF_Productivity Metrics.csv
2024-12-25 05:47:50,380 - INFO - Saved word contributions for Productivity Metrics to /scrfs/storage/zichengx/home/Research/TAD/w2v_culture/outputs/scores/word_contributions/Productivity Metrics/word_contribution_WFIDF_Productivity Metrics.csv
2024-12-25 05:47:50,380 - INFO - Sample of WFIDF scores for Productivity Metrics (first 5 documents):
2024-12-25 05:47:50,382 - INFO - 
   Productivity Metrics  document_length    Doc_ID
0              0.000000             88.0  222560.0
1              0.000000            158.0  222561.0
2             19.271854           1263.0  222562.0
3             11.143988            729.0  222563.0
4             21.201062            440.0  222564.0
2024-12-25 05:47:50,382 - INFO - 
Processing topic: Raw Material
2024-12-25 05:47:50,383 - INFO - Number of words in Raw Material: 20
2024-12-25 05:47:50,383 - INFO - Computing TF scores for topic Raw Material...
2024-12-25 05:50:13,637 - INFO - Saved TF scores for Raw Material to /scrfs/storage/zichengx/home/Research/TAD/w2v_culture/outputs/scores/TF/Raw Material/scores_TF_Raw Material.csv
2024-12-25 05:50:13,637 - INFO - Sample of TF scores for Raw Material (first 5 documents):
2024-12-25 05:50:13,639 - INFO - 
   Raw Material  document_length    Doc_ID
0             0               88  222560.0
1             0              158  222561.0
2            22             1263  222562.0
3             9              729  222563.0
4             0              440  222564.0
2024-12-25 05:50:13,640 - INFO - Computing TFIDF scores for topic Raw Material...
Scoring using TFIDF
2024-12-25 06:02:19,637 - INFO - Saved TFIDF scores for Raw Material to /scrfs/storage/zichengx/home/Research/TAD/w2v_culture/outputs/scores/TFIDF/Raw Material/scores_TFIDF_Raw Material.csv
2024-12-25 06:02:19,646 - INFO - Saved word contributions for Raw Material to /scrfs/storage/zichengx/home/Research/TAD/w2v_culture/outputs/scores/word_contributions/Raw Material/word_contribution_TFIDF_Raw Material.csv
2024-12-25 06:02:19,646 - INFO - Sample of TFIDF scores for Raw Material (first 5 documents):
2024-12-25 06:02:19,651 - INFO - 
   Raw Material  document_length    Doc_ID
0      0.000000             88.0  222560.0
1      0.000000            158.0  222561.0
2     89.927291           1263.0  222562.0
3     32.840248            729.0  222563.0
4      0.000000            440.0  222564.0
2024-12-25 06:02:19,653 - INFO - Computing WFIDF scores for topic Raw Material...
Scoring using WFIDF
2024-12-25 06:14:20,496 - INFO - Saved WFIDF scores for Raw Material to /scrfs/storage/zichengx/home/Research/TAD/w2v_culture/outputs/scores/WFIDF/Raw Material/scores_WFIDF_Raw Material.csv
2024-12-25 06:14:20,503 - INFO - Saved word contributions for Raw Material to /scrfs/storage/zichengx/home/Research/TAD/w2v_culture/outputs/scores/word_contributions/Raw Material/word_contribution_WFIDF_Raw Material.csv
2024-12-25 06:14:20,503 - INFO - Sample of WFIDF scores for Raw Material (first 5 documents):
2024-12-25 06:14:20,506 - INFO - 
   Raw Material  document_length    Doc_ID
0      0.000000             88.0  222560.0
1      0.000000            158.0  222561.0
2     60.971170           1263.0  222562.0
3     23.409676            729.0  222563.0
4      0.000000            440.0  222564.0
2024-12-25 06:14:20,506 - INFO - 
Processing topic: Weather
2024-12-25 06:14:20,507 - INFO - Number of words in Weather: 20
2024-12-25 06:14:20,507 - INFO - Computing TF scores for topic Weather...
2024-12-25 06:16:34,860 - INFO - Saved TF scores for Weather to /scrfs/storage/zichengx/home/Research/TAD/w2v_culture/outputs/scores/TF/Weather/scores_TF_Weather.csv
2024-12-25 06:16:34,861 - INFO - Sample of TF scores for Weather (first 5 documents):
2024-12-25 06:16:34,862 - INFO - 
   Weather  document_length    Doc_ID
0        0               88  222560.0
1        0              158  222561.0
2        0             1263  222562.0
3        1              729  222563.0
4        0              440  222564.0
2024-12-25 06:16:34,865 - INFO - Computing TFIDF scores for topic Weather...
Scoring using TFIDF
2024-12-25 06:28:33,757 - INFO - Saved TFIDF scores for Weather to /scrfs/storage/zichengx/home/Research/TAD/w2v_culture/outputs/scores/TFIDF/Weather/scores_TFIDF_Weather.csv
2024-12-25 06:28:33,761 - INFO - Saved word contributions for Weather to /scrfs/storage/zichengx/home/Research/TAD/w2v_culture/outputs/scores/word_contributions/Weather/word_contribution_TFIDF_Weather.csv
2024-12-25 06:28:33,761 - INFO - Sample of TFIDF scores for Weather (first 5 documents):
2024-12-25 06:28:33,763 - INFO - 
   Weather  document_length    Doc_ID
0   0.0000             88.0  222560.0
1   0.0000            158.0  222561.0
2   0.0000           1263.0  222562.0
3   5.1385            729.0  222563.0
4   0.0000            440.0  222564.0
2024-12-25 06:28:33,764 - INFO - Computing WFIDF scores for topic Weather...
Scoring using WFIDF
2024-12-25 06:40:32,417 - INFO - Saved WFIDF scores for Weather to /scrfs/storage/zichengx/home/Research/TAD/w2v_culture/outputs/scores/WFIDF/Weather/scores_WFIDF_Weather.csv
2024-12-25 06:40:32,422 - INFO - Saved word contributions for Weather to /scrfs/storage/zichengx/home/Research/TAD/w2v_culture/outputs/scores/word_contributions/Weather/word_contribution_WFIDF_Weather.csv
2024-12-25 06:40:32,422 - INFO - Sample of WFIDF scores for Weather (first 5 documents):
2024-12-25 06:40:32,424 - INFO - 
   Weather  document_length    Doc_ID
0   0.0000             88.0  222560.0
1   0.0000            158.0  222561.0
2   0.0000           1263.0  222562.0
3   5.1385            729.0  222563.0
4   0.0000            440.0  222564.0
2024-12-25 06:40:32,425 - INFO - 
Processing topic: Online Sales
2024-12-25 06:40:32,425 - INFO - Number of words in Online Sales: 20
2024-12-25 06:40:32,425 - INFO - Computing TF scores for topic Online Sales...
2024-12-25 06:42:56,713 - INFO - Saved TF scores for Online Sales to /scrfs/storage/zichengx/home/Research/TAD/w2v_culture/outputs/scores/TF/Online Sales/scores_TF_Online Sales.csv
2024-12-25 06:42:56,714 - INFO - Sample of TF scores for Online Sales (first 5 documents):
2024-12-25 06:42:56,715 - INFO - 
   Online Sales  document_length    Doc_ID
0             0               88  222560.0
1             1              158  222561.0
2             2             1263  222562.0
3             2              729  222563.0
4             0              440  222564.0
2024-12-25 06:42:56,716 - INFO - Computing TFIDF scores for topic Online Sales...
Scoring using TFIDF
2024-12-25 06:55:00,937 - INFO - Saved TFIDF scores for Online Sales to /scrfs/storage/zichengx/home/Research/TAD/w2v_culture/outputs/scores/TFIDF/Online Sales/scores_TFIDF_Online Sales.csv
2024-12-25 06:55:00,942 - INFO - Saved word contributions for Online Sales to /scrfs/storage/zichengx/home/Research/TAD/w2v_culture/outputs/scores/word_contributions/Online Sales/word_contribution_TFIDF_Online Sales.csv
2024-12-25 06:55:00,942 - INFO - Sample of TFIDF scores for Online Sales (first 5 documents):
2024-12-25 06:55:00,944 - INFO - 
   Online Sales  document_length    Doc_ID
0      0.000000             88.0  222560.0
1      4.641239            158.0  222561.0
2      6.666307           1263.0  222562.0
3     11.131798            729.0  222563.0
4      0.000000            440.0  222564.0
2024-12-25 06:55:00,944 - INFO - Computing WFIDF scores for topic Online Sales...
Scoring using WFIDF
2024-12-25 07:07:00,530 - INFO - Saved WFIDF scores for Online Sales to /scrfs/storage/zichengx/home/Research/TAD/w2v_culture/outputs/scores/WFIDF/Online Sales/scores_WFIDF_Online Sales.csv
2024-12-25 07:07:00,537 - INFO - Saved word contributions for Online Sales to /scrfs/storage/zichengx/home/Research/TAD/w2v_culture/outputs/scores/word_contributions/Online Sales/word_contribution_WFIDF_Online Sales.csv
2024-12-25 07:07:00,537 - INFO - Sample of WFIDF scores for Online Sales (first 5 documents):
2024-12-25 07:07:00,544 - INFO - 
   Online Sales  document_length    Doc_ID
0      0.000000             88.0  222560.0
1      4.641239            158.0  222561.0
2      5.643520           1263.0  222562.0
3     11.131798            729.0  222563.0
4      0.000000            440.0  222564.0
2024-12-25 07:07:00,545 - INFO - 
Processing topic: Customer Acquisition Costs
2024-12-25 07:07:00,546 - INFO - Number of words in Customer Acquisition Costs: 20
2024-12-25 07:07:00,549 - INFO - Computing TF scores for topic Customer Acquisition Costs...
2024-12-25 07:09:16,130 - INFO - Saved TF scores for Customer Acquisition Costs to /scrfs/storage/zichengx/home/Research/TAD/w2v_culture/outputs/scores/TF/Customer Acquisition Costs/scores_TF_Customer Acquisition Costs.csv
2024-12-25 07:09:16,130 - INFO - Sample of TF scores for Customer Acquisition Costs (first 5 documents):
2024-12-25 07:09:16,132 - INFO - 
   Customer Acquisition Costs  document_length    Doc_ID
0                           0               88  222560.0
1                           0              158  222561.0
2                          10             1263  222562.0
3                           8              729  222563.0
4                           2              440  222564.0
2024-12-25 07:09:16,132 - INFO - Computing TFIDF scores for topic Customer Acquisition Costs...
Scoring using TFIDF
2024-12-25 07:21:28,124 - INFO - Saved TFIDF scores for Customer Acquisition Costs to /scrfs/storage/zichengx/home/Research/TAD/w2v_culture/outputs/scores/TFIDF/Customer Acquisition Costs/scores_TFIDF_Customer Acquisition Costs.csv
2024-12-25 07:21:28,131 - INFO - Saved word contributions for Customer Acquisition Costs to /scrfs/storage/zichengx/home/Research/TAD/w2v_culture/outputs/scores/word_contributions/Customer Acquisition Costs/word_contribution_TFIDF_Customer Acquisition Costs.csv
2024-12-25 07:21:28,131 - INFO - Sample of TFIDF scores for Customer Acquisition Costs (first 5 documents):
2024-12-25 07:21:28,135 - INFO - 
   Customer Acquisition Costs  document_length    Doc_ID
0                    0.000000             88.0  222560.0
1                    0.000000            158.0  222561.0
2                   35.771684           1263.0  222562.0
3                   28.572484            729.0  222563.0
4                   10.432043            440.0  222564.0
2024-12-25 07:21:28,136 - INFO - Computing WFIDF scores for topic Customer Acquisition Costs...
Scoring using WFIDF
2024-12-25 07:33:42,404 - INFO - Saved WFIDF scores for Customer Acquisition Costs to /scrfs/storage/zichengx/home/Research/TAD/w2v_culture/outputs/scores/WFIDF/Customer Acquisition Costs/scores_WFIDF_Customer Acquisition Costs.csv
2024-12-25 07:33:42,410 - INFO - Saved word contributions for Customer Acquisition Costs to /scrfs/storage/zichengx/home/Research/TAD/w2v_culture/outputs/scores/word_contributions/Customer Acquisition Costs/word_contribution_WFIDF_Customer Acquisition Costs.csv
2024-12-25 07:33:42,411 - INFO - Sample of WFIDF scores for Customer Acquisition Costs (first 5 documents):
2024-12-25 07:33:42,412 - INFO - 
   Customer Acquisition Costs  document_length    Doc_ID
0                    0.000000             88.0  222560.0
1                    0.000000            158.0  222561.0
2                   29.521612           1263.0  222562.0
3                   23.426959            729.0  222563.0
4                   10.432043            440.0  222564.0
2024-12-25 07:33:42,413 - INFO - 
Processing topic: Regulation
2024-12-25 07:33:42,413 - INFO - Number of words in Regulation: 20
2024-12-25 07:33:42,414 - INFO - Computing TF scores for topic Regulation...
2024-12-25 07:35:58,059 - INFO - Saved TF scores for Regulation to /scrfs/storage/zichengx/home/Research/TAD/w2v_culture/outputs/scores/TF/Regulation/scores_TF_Regulation.csv
2024-12-25 07:35:58,060 - INFO - Sample of TF scores for Regulation (first 5 documents):
2024-12-25 07:35:58,062 - INFO - 
   Regulation  document_length    Doc_ID
0           0               88  222560.0
1           0              158  222561.0
2           1             1263  222562.0
3           0              729  222563.0
4           0              440  222564.0
2024-12-25 07:35:58,063 - INFO - Computing TFIDF scores for topic Regulation...
Scoring using TFIDF
2024-12-25 07:47:54,922 - INFO - Saved TFIDF scores for Regulation to /scrfs/storage/zichengx/home/Research/TAD/w2v_culture/outputs/scores/TFIDF/Regulation/scores_TFIDF_Regulation.csv
2024-12-25 07:47:54,929 - INFO - Saved word contributions for Regulation to /scrfs/storage/zichengx/home/Research/TAD/w2v_culture/outputs/scores/word_contributions/Regulation/word_contribution_TFIDF_Regulation.csv
2024-12-25 07:47:54,929 - INFO - Sample of TFIDF scores for Regulation (first 5 documents):
2024-12-25 07:47:54,932 - INFO - 
   Regulation  document_length    Doc_ID
0    0.000000             88.0  222560.0
1    0.000000            158.0  222561.0
2    4.727534           1263.0  222562.0
3    0.000000            729.0  222563.0
4    0.000000            440.0  222564.0
2024-12-25 07:47:54,932 - INFO - Computing WFIDF scores for topic Regulation...
Scoring using WFIDF
2024-12-25 07:59:51,126 - INFO - Saved WFIDF scores for Regulation to /scrfs/storage/zichengx/home/Research/TAD/w2v_culture/outputs/scores/WFIDF/Regulation/scores_WFIDF_Regulation.csv
2024-12-25 07:59:51,133 - INFO - Saved word contributions for Regulation to /scrfs/storage/zichengx/home/Research/TAD/w2v_culture/outputs/scores/word_contributions/Regulation/word_contribution_WFIDF_Regulation.csv
2024-12-25 07:59:51,133 - INFO - Sample of WFIDF scores for Regulation (first 5 documents):
2024-12-25 07:59:51,141 - INFO - 
   Regulation  document_length    Doc_ID
0    0.000000             88.0  222560.0
1    0.000000            158.0  222561.0
2    4.727534           1263.0  222562.0
3    0.000000            729.0  222563.0
4    0.000000            440.0  222564.0
2024-12-25 07:59:51,142 - INFO - 
Processing topic: Productivity
2024-12-25 07:59:51,143 - INFO - Number of words in Productivity: 20
2024-12-25 07:59:51,144 - INFO - Computing TF scores for topic Productivity...
2024-12-25 08:02:08,018 - INFO - Saved TF scores for Productivity to /scrfs/storage/zichengx/home/Research/TAD/w2v_culture/outputs/scores/TF/Productivity/scores_TF_Productivity.csv
2024-12-25 08:02:08,019 - INFO - Sample of TF scores for Productivity (first 5 documents):
2024-12-25 08:02:08,020 - INFO - 
   Productivity  document_length    Doc_ID
0             0               88  222560.0
1             0              158  222561.0
2             8             1263  222562.0
3             4              729  222563.0
4             0              440  222564.0
2024-12-25 08:02:08,021 - INFO - Computing TFIDF scores for topic Productivity...
Scoring using TFIDF
2024-12-25 08:14:06,732 - INFO - Saved TFIDF scores for Productivity to /scrfs/storage/zichengx/home/Research/TAD/w2v_culture/outputs/scores/TFIDF/Productivity/scores_TFIDF_Productivity.csv
2024-12-25 08:14:06,737 - INFO - Saved word contributions for Productivity to /scrfs/storage/zichengx/home/Research/TAD/w2v_culture/outputs/scores/word_contributions/Productivity/word_contribution_TFIDF_Productivity.csv
2024-12-25 08:14:06,737 - INFO - Sample of TFIDF scores for Productivity (first 5 documents):
2024-12-25 08:14:06,740 - INFO - 
   Productivity  document_length    Doc_ID
0      0.000000             88.0  222560.0
1      0.000000            158.0  222561.0
2     30.417534           1263.0  222562.0
3     12.487686            729.0  222563.0
4      0.000000            440.0  222564.0
2024-12-25 08:14:06,740 - INFO - Computing WFIDF scores for topic Productivity...
Scoring using WFIDF
2024-12-25 08:26:05,384 - INFO - Saved WFIDF scores for Productivity to /scrfs/storage/zichengx/home/Research/TAD/w2v_culture/outputs/scores/WFIDF/Productivity/scores_WFIDF_Productivity.csv
2024-12-25 08:26:05,388 - INFO - Saved word contributions for Productivity to /scrfs/storage/zichengx/home/Research/TAD/w2v_culture/outputs/scores/word_contributions/Productivity/word_contribution_WFIDF_Productivity.csv
2024-12-25 08:26:05,388 - INFO - Sample of WFIDF scores for Productivity (first 5 documents):
2024-12-25 08:26:05,390 - INFO - 
   Productivity  document_length    Doc_ID
0      0.000000             88.0  222560.0
1      0.000000            158.0  222561.0
2     26.639206           1263.0  222562.0
3      9.969679            729.0  222563.0
4      0.000000            440.0  222564.0
2024-12-25 08:26:05,391 - INFO - 
Processing topic: Bundle Pricing Strategies
2024-12-25 08:26:05,391 - INFO - Number of words in Bundle Pricing Strategies: 20
2024-12-25 08:26:05,391 - INFO - Computing TF scores for topic Bundle Pricing Strategies...
2024-12-25 08:28:25,135 - INFO - Saved TF scores for Bundle Pricing Strategies to /scrfs/storage/zichengx/home/Research/TAD/w2v_culture/outputs/scores/TF/Bundle Pricing Strategies/scores_TF_Bundle Pricing Strategies.csv
2024-12-25 08:28:25,135 - INFO - Sample of TF scores for Bundle Pricing Strategies (first 5 documents):
2024-12-25 08:28:25,137 - INFO - 
   Bundle Pricing Strategies  document_length    Doc_ID
0                          0               88  222560.0
1                          0              158  222561.0
2                          4             1263  222562.0
3                          1              729  222563.0
4                          0              440  222564.0
2024-12-25 08:28:25,140 - INFO - Computing TFIDF scores for topic Bundle Pricing Strategies...
Scoring using TFIDF
2024-12-25 08:40:21,014 - INFO - Saved TFIDF scores for Bundle Pricing Strategies to /scrfs/storage/zichengx/home/Research/TAD/w2v_culture/outputs/scores/TFIDF/Bundle Pricing Strategies/scores_TFIDF_Bundle Pricing Strategies.csv
2024-12-25 08:40:21,019 - INFO - Saved word contributions for Bundle Pricing Strategies to /scrfs/storage/zichengx/home/Research/TAD/w2v_culture/outputs/scores/word_contributions/Bundle Pricing Strategies/word_contribution_TFIDF_Bundle Pricing Strategies.csv
2024-12-25 08:40:21,019 - INFO - Sample of TFIDF scores for Bundle Pricing Strategies (first 5 documents):
2024-12-25 08:40:21,021 - INFO - 
   Bundle Pricing Strategies  document_length    Doc_ID
0                   0.000000             88.0  222560.0
1                   0.000000            158.0  222561.0
2                  13.237337           1263.0  222562.0
3                   3.066460            729.0  222563.0
4                   0.000000            440.0  222564.0
2024-12-25 08:40:21,022 - INFO - Computing WFIDF scores for topic Bundle Pricing Strategies...
Scoring using WFIDF
2024-12-25 08:52:24,606 - INFO - Saved WFIDF scores for Bundle Pricing Strategies to /scrfs/storage/zichengx/home/Research/TAD/w2v_culture/outputs/scores/WFIDF/Bundle Pricing Strategies/scores_WFIDF_Bundle Pricing Strategies.csv
2024-12-25 08:52:24,612 - INFO - Saved word contributions for Bundle Pricing Strategies to /scrfs/storage/zichengx/home/Research/TAD/w2v_culture/outputs/scores/word_contributions/Bundle Pricing Strategies/word_contribution_WFIDF_Bundle Pricing Strategies.csv
2024-12-25 08:52:24,612 - INFO - Sample of WFIDF scores for Bundle Pricing Strategies (first 5 documents):
2024-12-25 08:52:24,614 - INFO - 
   Bundle Pricing Strategies  document_length    Doc_ID
0                   0.000000             88.0  222560.0
1                   0.000000            158.0  222561.0
2                  12.233355           1263.0  222562.0
3                   3.066460            729.0  222563.0
4                   0.000000            440.0  222564.0
2024-12-25 08:52:24,614 - INFO - 
Processing topic: Supply Chain
2024-12-25 08:52:24,615 - INFO - Number of words in Supply Chain: 40
2024-12-25 08:52:24,615 - INFO - Computing TF scores for topic Supply Chain...
2024-12-25 08:55:15,674 - INFO - Saved TF scores for Supply Chain to /scrfs/storage/zichengx/home/Research/TAD/w2v_culture/outputs/scores/TF/Supply Chain/scores_TF_Supply Chain.csv
2024-12-25 08:55:15,674 - INFO - Sample of TF scores for Supply Chain (first 5 documents):
2024-12-25 08:55:15,675 - INFO - 
   Supply Chain  document_length    Doc_ID
0             0               88  222560.0
1             0              158  222561.0
2             4             1263  222562.0
3             3              729  222563.0
4             0              440  222564.0
2024-12-25 08:55:15,675 - INFO - Computing TFIDF scores for topic Supply Chain...
Scoring using TFIDF
2024-12-25 09:10:51,508 - INFO - Saved TFIDF scores for Supply Chain to /scrfs/storage/zichengx/home/Research/TAD/w2v_culture/outputs/scores/TFIDF/Supply Chain/scores_TFIDF_Supply Chain.csv
2024-12-25 09:10:51,514 - INFO - Saved word contributions for Supply Chain to /scrfs/storage/zichengx/home/Research/TAD/w2v_culture/outputs/scores/word_contributions/Supply Chain/word_contribution_TFIDF_Supply Chain.csv
2024-12-25 09:10:51,515 - INFO - Sample of TFIDF scores for Supply Chain (first 5 documents):
2024-12-25 09:10:51,520 - INFO - 
   Supply Chain  document_length    Doc_ID
0      0.000000             88.0  222560.0
1      0.000000            158.0  222561.0
2     26.833320           1263.0  222562.0
3     21.263999            729.0  222563.0
4      0.000000            440.0  222564.0
2024-12-25 09:10:51,520 - INFO - Computing WFIDF scores for topic Supply Chain...
Scoring using WFIDF
2024-12-25 09:26:39,754 - INFO - Saved WFIDF scores for Supply Chain to /scrfs/storage/zichengx/home/Research/TAD/w2v_culture/outputs/scores/WFIDF/Supply Chain/scores_WFIDF_Supply Chain.csv
2024-12-25 09:26:39,758 - INFO - Saved word contributions for Supply Chain to /scrfs/storage/zichengx/home/Research/TAD/w2v_culture/outputs/scores/word_contributions/Supply Chain/word_contribution_WFIDF_Supply Chain.csv
2024-12-25 09:26:39,759 - INFO - Sample of WFIDF scores for Supply Chain (first 5 documents):
2024-12-25 09:26:39,760 - INFO - 
   Supply Chain  document_length    Doc_ID
0      0.000000             88.0  222560.0
1      0.000000            158.0  222561.0
2     26.833320           1263.0  222562.0
3     14.874963            729.0  222563.0
4      0.000000            440.0  222564.0
2024-12-25 09:26:39,761 - INFO - 
Processing topic: Macroeconomics
2024-12-25 09:26:39,761 - INFO - Number of words in Macroeconomics: 22
2024-12-25 09:26:39,763 - INFO - Computing TF scores for topic Macroeconomics...
2024-12-25 09:29:00,457 - INFO - Saved TF scores for Macroeconomics to /scrfs/storage/zichengx/home/Research/TAD/w2v_culture/outputs/scores/TF/Macroeconomics/scores_TF_Macroeconomics.csv
2024-12-25 09:29:00,457 - INFO - Sample of TF scores for Macroeconomics (first 5 documents):
2024-12-25 09:29:00,458 - INFO - 
   Macroeconomics  document_length    Doc_ID
0               0               88  222560.0
1               0              158  222561.0
2              15             1263  222562.0
3               6              729  222563.0
4               0              440  222564.0
2024-12-25 09:29:00,458 - INFO - Computing TFIDF scores for topic Macroeconomics...
Scoring using TFIDF
2024-12-25 09:41:27,634 - INFO - Saved TFIDF scores for Macroeconomics to /scrfs/storage/zichengx/home/Research/TAD/w2v_culture/outputs/scores/TFIDF/Macroeconomics/scores_TFIDF_Macroeconomics.csv
2024-12-25 09:41:27,638 - INFO - Saved word contributions for Macroeconomics to /scrfs/storage/zichengx/home/Research/TAD/w2v_culture/outputs/scores/word_contributions/Macroeconomics/word_contribution_TFIDF_Macroeconomics.csv
2024-12-25 09:41:27,639 - INFO - Sample of TFIDF scores for Macroeconomics (first 5 documents):
2024-12-25 09:41:27,641 - INFO - 
   Macroeconomics  document_length    Doc_ID
0        0.000000             88.0  222560.0
1        0.000000            158.0  222561.0
2       53.500970           1263.0  222562.0
3       21.302245            729.0  222563.0
4        0.000000            440.0  222564.0
2024-12-25 09:41:27,642 - INFO - Computing WFIDF scores for topic Macroeconomics...
Scoring using WFIDF
2024-12-25 09:53:58,410 - INFO - Saved WFIDF scores for Macroeconomics to /scrfs/storage/zichengx/home/Research/TAD/w2v_culture/outputs/scores/WFIDF/Macroeconomics/scores_WFIDF_Macroeconomics.csv
2024-12-25 09:53:58,415 - INFO - Saved word contributions for Macroeconomics to /scrfs/storage/zichengx/home/Research/TAD/w2v_culture/outputs/scores/word_contributions/Macroeconomics/word_contribution_WFIDF_Macroeconomics.csv
2024-12-25 09:53:58,415 - INFO - Sample of WFIDF scores for Macroeconomics (first 5 documents):
2024-12-25 09:53:58,417 - INFO - 
   Macroeconomics  document_length    Doc_ID
0        0.000000             88.0  222560.0
1        0.000000            158.0  222561.0
2       33.049533           1263.0  222562.0
3       12.502223            729.0  222563.0
4        0.000000            440.0  222564.0
2024-12-25 09:53:58,418 - INFO - 
Processing topic: Talent Hiring
2024-12-25 09:53:58,418 - INFO - Number of words in Talent Hiring: 20
2024-12-25 09:53:58,418 - INFO - Computing TF scores for topic Talent Hiring...
2024-12-25 09:56:28,069 - INFO - Saved TF scores for Talent Hiring to /scrfs/storage/zichengx/home/Research/TAD/w2v_culture/outputs/scores/TF/Talent Hiring/scores_TF_Talent Hiring.csv
2024-12-25 09:56:28,070 - INFO - Sample of TF scores for Talent Hiring (first 5 documents):
2024-12-25 09:56:28,072 - INFO - 
   Talent Hiring  document_length    Doc_ID
0              0               88  222560.0
1              0              158  222561.0
2              1             1263  222562.0
3              0              729  222563.0
4              0              440  222564.0
2024-12-25 09:56:28,073 - INFO - Computing TFIDF scores for topic Talent Hiring...
Scoring using TFIDF
2024-12-25 10:08:29,459 - INFO - Saved TFIDF scores for Talent Hiring to /scrfs/storage/zichengx/home/Research/TAD/w2v_culture/outputs/scores/TFIDF/Talent Hiring/scores_TFIDF_Talent Hiring.csv
2024-12-25 10:08:29,464 - INFO - Saved word contributions for Talent Hiring to /scrfs/storage/zichengx/home/Research/TAD/w2v_culture/outputs/scores/word_contributions/Talent Hiring/word_contribution_TFIDF_Talent Hiring.csv
2024-12-25 10:08:29,464 - INFO - Sample of TFIDF scores for Talent Hiring (first 5 documents):
2024-12-25 10:08:29,467 - INFO - 
   Talent Hiring  document_length    Doc_ID
0       0.000000             88.0  222560.0
1       0.000000            158.0  222561.0
2       3.333142           1263.0  222562.0
3       0.000000            729.0  222563.0
4       0.000000            440.0  222564.0
2024-12-25 10:08:29,467 - INFO - Computing WFIDF scores for topic Talent Hiring...
Scoring using WFIDF
2024-12-25 10:20:36,894 - INFO - Saved WFIDF scores for Talent Hiring to /scrfs/storage/zichengx/home/Research/TAD/w2v_culture/outputs/scores/WFIDF/Talent Hiring/scores_WFIDF_Talent Hiring.csv
2024-12-25 10:20:36,900 - INFO - Saved word contributions for Talent Hiring to /scrfs/storage/zichengx/home/Research/TAD/w2v_culture/outputs/scores/word_contributions/Talent Hiring/word_contribution_WFIDF_Talent Hiring.csv
2024-12-25 10:20:36,900 - INFO - Sample of WFIDF scores for Talent Hiring (first 5 documents):
2024-12-25 10:20:36,904 - INFO - 
   Talent Hiring  document_length    Doc_ID
0       0.000000             88.0  222560.0
1       0.000000            158.0  222561.0
2       3.333142           1263.0  222562.0
3       0.000000            729.0  222563.0
4       0.000000            440.0  222564.0
2024-12-25 10:20:36,905 - INFO - 
Processing topic: Corporate Innovation
2024-12-25 10:20:36,905 - INFO - Number of words in Corporate Innovation: 20
2024-12-25 10:20:36,907 - INFO - Computing TF scores for topic Corporate Innovation...
2024-12-25 10:22:52,362 - INFO - Saved TF scores for Corporate Innovation to /scrfs/storage/zichengx/home/Research/TAD/w2v_culture/outputs/scores/TF/Corporate Innovation/scores_TF_Corporate Innovation.csv
2024-12-25 10:22:52,363 - INFO - Sample of TF scores for Corporate Innovation (first 5 documents):
2024-12-25 10:22:52,364 - INFO - 
   Corporate Innovation  document_length    Doc_ID
0                     0               88  222560.0
1                     0              158  222561.0
2                     0             1263  222562.0
3                     0              729  222563.0
4                     0              440  222564.0
2024-12-25 10:22:52,364 - INFO - Computing TFIDF scores for topic Corporate Innovation...
Scoring using TFIDF
2024-12-25 10:34:39,761 - INFO - Saved TFIDF scores for Corporate Innovation to /scrfs/storage/zichengx/home/Research/TAD/w2v_culture/outputs/scores/TFIDF/Corporate Innovation/scores_TFIDF_Corporate Innovation.csv
2024-12-25 10:34:39,766 - INFO - Saved word contributions for Corporate Innovation to /scrfs/storage/zichengx/home/Research/TAD/w2v_culture/outputs/scores/word_contributions/Corporate Innovation/word_contribution_TFIDF_Corporate Innovation.csv
2024-12-25 10:34:39,766 - INFO - Sample of TFIDF scores for Corporate Innovation (first 5 documents):
2024-12-25 10:34:39,768 - INFO - 
   Corporate Innovation  document_length    Doc_ID
0                   0.0             88.0  222560.0
1                   0.0            158.0  222561.0
2                   0.0           1263.0  222562.0
3                   0.0            729.0  222563.0
4                   0.0            440.0  222564.0
2024-12-25 10:34:39,769 - INFO - Computing WFIDF scores for topic Corporate Innovation...
Scoring using WFIDF
2024-12-25 10:46:29,756 - INFO - Saved WFIDF scores for Corporate Innovation to /scrfs/storage/zichengx/home/Research/TAD/w2v_culture/outputs/scores/WFIDF/Corporate Innovation/scores_WFIDF_Corporate Innovation.csv
2024-12-25 10:46:29,761 - INFO - Saved word contributions for Corporate Innovation to /scrfs/storage/zichengx/home/Research/TAD/w2v_culture/outputs/scores/word_contributions/Corporate Innovation/word_contribution_WFIDF_Corporate Innovation.csv
2024-12-25 10:46:29,761 - INFO - Sample of WFIDF scores for Corporate Innovation (first 5 documents):
2024-12-25 10:46:29,763 - INFO - 
   Corporate Innovation  document_length    Doc_ID
0                   0.0             88.0  222560.0
1                   0.0            158.0  222561.0
2                   0.0           1263.0  222562.0
3                   0.0            729.0  222563.0
4                   0.0            440.0  222564.0
2024-12-25 10:46:29,763 - INFO - 
Processing topic: Insurance
2024-12-25 10:46:29,764 - INFO - Number of words in Insurance: 20
2024-12-25 10:46:29,764 - INFO - Computing TF scores for topic Insurance...
2024-12-25 10:48:59,070 - INFO - Saved TF scores for Insurance to /scrfs/storage/zichengx/home/Research/TAD/w2v_culture/outputs/scores/TF/Insurance/scores_TF_Insurance.csv
2024-12-25 10:48:59,071 - INFO - Sample of TF scores for Insurance (first 5 documents):
2024-12-25 10:48:59,073 - INFO - 
   Insurance  document_length    Doc_ID
0          0               88  222560.0
1          0              158  222561.0
2          0             1263  222562.0
3          0              729  222563.0
4          0              440  222564.0
2024-12-25 10:48:59,085 - INFO - Computing TFIDF scores for topic Insurance...
Scoring using TFIDF
2024-12-25 11:00:51,347 - INFO - Saved TFIDF scores for Insurance to /scrfs/storage/zichengx/home/Research/TAD/w2v_culture/outputs/scores/TFIDF/Insurance/scores_TFIDF_Insurance.csv
2024-12-25 11:00:51,356 - INFO - Saved word contributions for Insurance to /scrfs/storage/zichengx/home/Research/TAD/w2v_culture/outputs/scores/word_contributions/Insurance/word_contribution_TFIDF_Insurance.csv
2024-12-25 11:00:51,356 - INFO - Sample of TFIDF scores for Insurance (first 5 documents):
2024-12-25 11:00:51,362 - INFO - 
   Insurance  document_length    Doc_ID
0        0.0             88.0  222560.0
1        0.0            158.0  222561.0
2        0.0           1263.0  222562.0
3        0.0            729.0  222563.0
4        0.0            440.0  222564.0
2024-12-25 11:00:51,363 - INFO - Computing WFIDF scores for topic Insurance...
Scoring using WFIDF
2024-12-25 11:12:46,534 - INFO - Saved WFIDF scores for Insurance to /scrfs/storage/zichengx/home/Research/TAD/w2v_culture/outputs/scores/WFIDF/Insurance/scores_WFIDF_Insurance.csv
2024-12-25 11:12:46,538 - INFO - Saved word contributions for Insurance to /scrfs/storage/zichengx/home/Research/TAD/w2v_culture/outputs/scores/word_contributions/Insurance/word_contribution_WFIDF_Insurance.csv
2024-12-25 11:12:46,538 - INFO - Sample of WFIDF scores for Insurance (first 5 documents):
2024-12-25 11:12:46,540 - INFO - 
   Insurance  document_length    Doc_ID
0        0.0             88.0  222560.0
1        0.0            158.0  222561.0
2        0.0           1263.0  222562.0
3        0.0            729.0  222563.0
4        0.0            440.0  222564.0
2024-12-25 11:12:46,540 - INFO - 
Processing topic: Organization Restructuring
2024-12-25 11:12:46,541 - INFO - Number of words in Organization Restructuring: 20
2024-12-25 11:12:46,541 - INFO - Computing TF scores for topic Organization Restructuring...
2024-12-25 11:15:25,036 - INFO - Saved TF scores for Organization Restructuring to /scrfs/storage/zichengx/home/Research/TAD/w2v_culture/outputs/scores/TF/Organization Restructuring/scores_TF_Organization Restructuring.csv
2024-12-25 11:15:25,037 - INFO - Sample of TF scores for Organization Restructuring (first 5 documents):
2024-12-25 11:15:25,038 - INFO - 
   Organization Restructuring  document_length    Doc_ID
0                           0               88  222560.0
1                           0              158  222561.0
2                           6             1263  222562.0
3                          10              729  222563.0
4                           2              440  222564.0
2024-12-25 11:15:25,042 - INFO - Computing TFIDF scores for topic Organization Restructuring...
Scoring using TFIDF
2024-12-25 11:27:18,547 - INFO - Saved TFIDF scores for Organization Restructuring to /scrfs/storage/zichengx/home/Research/TAD/w2v_culture/outputs/scores/TFIDF/Organization Restructuring/scores_TFIDF_Organization Restructuring.csv
2024-12-25 11:27:18,552 - INFO - Saved word contributions for Organization Restructuring to /scrfs/storage/zichengx/home/Research/TAD/w2v_culture/outputs/scores/word_contributions/Organization Restructuring/word_contribution_TFIDF_Organization Restructuring.csv
2024-12-25 11:27:18,552 - INFO - Sample of TFIDF scores for Organization Restructuring (first 5 documents):
2024-12-25 11:27:18,558 - INFO - 
   Organization Restructuring  document_length    Doc_ID
0                    0.000000             88.0  222560.0
1                    0.000000            158.0  222561.0
2                   19.265387           1263.0  222562.0
3                   22.999103            729.0  222563.0
4                    7.828620            440.0  222564.0
2024-12-25 11:27:18,558 - INFO - Computing WFIDF scores for topic Organization Restructuring...
Scoring using WFIDF
2024-12-25 11:39:12,330 - INFO - Saved WFIDF scores for Organization Restructuring to /scrfs/storage/zichengx/home/Research/TAD/w2v_culture/outputs/scores/WFIDF/Organization Restructuring/scores_WFIDF_Organization Restructuring.csv
2024-12-25 11:39:12,336 - INFO - Saved word contributions for Organization Restructuring to /scrfs/storage/zichengx/home/Research/TAD/w2v_culture/outputs/scores/word_contributions/Organization Restructuring/word_contribution_WFIDF_Organization Restructuring.csv
2024-12-25 11:39:12,336 - INFO - Sample of WFIDF scores for Organization Restructuring (first 5 documents):
2024-12-25 11:39:12,338 - INFO - 
   Organization Restructuring  document_length    Doc_ID
0                    0.000000             88.0  222560.0
1                    0.000000            158.0  222561.0
2                   14.009658           1263.0  222562.0
3                    7.595649            729.0  222563.0
4                    7.828620            440.0  222564.0
2024-12-25 11:39:12,338 - INFO - 
Processing topic: Marketing Strategy
2024-12-25 11:39:12,339 - INFO - Number of words in Marketing Strategy: 40
2024-12-25 11:39:12,339 - INFO - Computing TF scores for topic Marketing Strategy...
2024-12-25 11:41:56,316 - INFO - Saved TF scores for Marketing Strategy to /scrfs/storage/zichengx/home/Research/TAD/w2v_culture/outputs/scores/TF/Marketing Strategy/scores_TF_Marketing Strategy.csv
2024-12-25 11:41:56,317 - INFO - Sample of TF scores for Marketing Strategy (first 5 documents):
2024-12-25 11:41:56,318 - INFO - 
   Marketing Strategy  document_length    Doc_ID
0                   0               88  222560.0
1                   1              158  222561.0
2                  16             1263  222562.0
3                  10              729  222563.0
4                   0              440  222564.0
2024-12-25 11:41:56,318 - INFO - Computing TFIDF scores for topic Marketing Strategy...
Scoring using TFIDF
2024-12-25 11:57:46,651 - INFO - Saved TFIDF scores for Marketing Strategy to /scrfs/storage/zichengx/home/Research/TAD/w2v_culture/outputs/scores/TFIDF/Marketing Strategy/scores_TFIDF_Marketing Strategy.csv
2024-12-25 11:57:46,657 - INFO - Saved word contributions for Marketing Strategy to /scrfs/storage/zichengx/home/Research/TAD/w2v_culture/outputs/scores/word_contributions/Marketing Strategy/word_contribution_TFIDF_Marketing Strategy.csv
2024-12-25 11:57:46,657 - INFO - Sample of TFIDF scores for Marketing Strategy (first 5 documents):
2024-12-25 11:57:46,662 - INFO - 
   Marketing Strategy  document_length    Doc_ID
0            0.000000             88.0  222560.0
1            2.491878            158.0  222561.0
2           52.302328           1263.0  222562.0
3           33.398261            729.0  222563.0
4            0.000000            440.0  222564.0
2024-12-25 11:57:46,663 - INFO - Computing WFIDF scores for topic Marketing Strategy...
Scoring using WFIDF
2024-12-25 12:13:30,182 - INFO - Saved WFIDF scores for Marketing Strategy to /scrfs/storage/zichengx/home/Research/TAD/w2v_culture/outputs/scores/WFIDF/Marketing Strategy/scores_WFIDF_Marketing Strategy.csv
2024-12-25 12:13:30,187 - INFO - Saved word contributions for Marketing Strategy to /scrfs/storage/zichengx/home/Research/TAD/w2v_culture/outputs/scores/word_contributions/Marketing Strategy/word_contribution_WFIDF_Marketing Strategy.csv
2024-12-25 12:13:30,188 - INFO - Sample of WFIDF scores for Marketing Strategy (first 5 documents):
2024-12-25 12:13:30,189 - INFO - 
   Marketing Strategy  document_length    Doc_ID
0            0.000000             88.0  222560.0
1            2.491878            158.0  222561.0
2           32.832969           1263.0  222562.0
3           23.894260            729.0  222563.0
4            0.000000            440.0  222564.0
2024-12-25 12:13:30,190 - INFO - 
Processing topic: Industry Forecast
2024-12-25 12:13:30,190 - INFO - Number of words in Industry Forecast: 20
2024-12-25 12:13:30,191 - INFO - Computing TF scores for topic Industry Forecast...
2024-12-25 12:16:02,554 - INFO - Saved TF scores for Industry Forecast to /scrfs/storage/zichengx/home/Research/TAD/w2v_culture/outputs/scores/TF/Industry Forecast/scores_TF_Industry Forecast.csv
2024-12-25 12:16:02,555 - INFO - Sample of TF scores for Industry Forecast (first 5 documents):
2024-12-25 12:16:02,557 - INFO - 
   Industry Forecast  document_length    Doc_ID
0                  0               88  222560.0
1                  1              158  222561.0
2                  6             1263  222562.0
3                  2              729  222563.0
4                  0              440  222564.0
2024-12-25 12:16:02,565 - INFO - Computing TFIDF scores for topic Industry Forecast...
Scoring using TFIDF
2024-12-25 12:28:09,930 - INFO - Saved TFIDF scores for Industry Forecast to /scrfs/storage/zichengx/home/Research/TAD/w2v_culture/outputs/scores/TFIDF/Industry Forecast/scores_TFIDF_Industry Forecast.csv
2024-12-25 12:28:09,935 - INFO - Saved word contributions for Industry Forecast to /scrfs/storage/zichengx/home/Research/TAD/w2v_culture/outputs/scores/word_contributions/Industry Forecast/word_contribution_TFIDF_Industry Forecast.csv
2024-12-25 12:28:09,935 - INFO - Sample of TFIDF scores for Industry Forecast (first 5 documents):
2024-12-25 12:28:09,937 - INFO - 
   Industry Forecast  document_length    Doc_ID
0           0.000000             88.0  222560.0
1           2.491878            158.0  222561.0
2          22.137257           1263.0  222562.0
3           6.096191            729.0  222563.0
4           0.000000            440.0  222564.0
2024-12-25 12:28:09,938 - INFO - Computing WFIDF scores for topic Industry Forecast...
Scoring using WFIDF
2024-12-25 12:40:10,921 - INFO - Saved WFIDF scores for Industry Forecast to /scrfs/storage/zichengx/home/Research/TAD/w2v_culture/outputs/scores/WFIDF/Industry Forecast/scores_WFIDF_Industry Forecast.csv
2024-12-25 12:40:10,926 - INFO - Saved word contributions for Industry Forecast to /scrfs/storage/zichengx/home/Research/TAD/w2v_culture/outputs/scores/word_contributions/Industry Forecast/word_contribution_WFIDF_Industry Forecast.csv
2024-12-25 12:40:10,927 - INFO - Sample of WFIDF scores for Industry Forecast (first 5 documents):
2024-12-25 12:40:10,928 - INFO - 
   Industry Forecast  document_length    Doc_ID
0           0.000000             88.0  222560.0
1           2.491878            158.0  222561.0
2          20.027281           1263.0  222562.0
3           6.096191            729.0  222563.0
4           0.000000            440.0  222564.0
2024-12-25 12:40:10,929 - INFO - 
Processing topic: Employee Headcount
2024-12-25 12:40:10,929 - INFO - Number of words in Employee Headcount: 20
2024-12-25 12:40:10,930 - INFO - Computing TF scores for topic Employee Headcount...
2024-12-25 12:42:41,198 - INFO - Saved TF scores for Employee Headcount to /scrfs/storage/zichengx/home/Research/TAD/w2v_culture/outputs/scores/TF/Employee Headcount/scores_TF_Employee Headcount.csv
2024-12-25 12:42:41,199 - INFO - Sample of TF scores for Employee Headcount (first 5 documents):
2024-12-25 12:42:41,200 - INFO - 
   Employee Headcount  document_length    Doc_ID
0                   0               88  222560.0
1                   0              158  222561.0
2                   3             1263  222562.0
3                   0              729  222563.0
4                   0              440  222564.0
2024-12-25 12:42:41,200 - INFO - Computing TFIDF scores for topic Employee Headcount...
Scoring using TFIDF
2024-12-25 12:54:45,601 - INFO - Saved TFIDF scores for Employee Headcount to /scrfs/storage/zichengx/home/Research/TAD/w2v_culture/outputs/scores/TFIDF/Employee Headcount/scores_TFIDF_Employee Headcount.csv
2024-12-25 12:54:45,606 - INFO - Saved word contributions for Employee Headcount to /scrfs/storage/zichengx/home/Research/TAD/w2v_culture/outputs/scores/word_contributions/Employee Headcount/word_contribution_TFIDF_Employee Headcount.csv
2024-12-25 12:54:45,606 - INFO - Sample of TFIDF scores for Employee Headcount (first 5 documents):
2024-12-25 12:54:45,608 - INFO - 
   Employee Headcount  document_length    Doc_ID
0            0.000000             88.0  222560.0
1            0.000000            158.0  222561.0
2           12.850719           1263.0  222562.0
3            0.000000            729.0  222563.0
4            0.000000            440.0  222564.0
2024-12-25 12:54:45,608 - INFO - Computing WFIDF scores for topic Employee Headcount...
Scoring using WFIDF
2024-12-25 13:06:45,789 - INFO - Saved WFIDF scores for Employee Headcount to /scrfs/storage/zichengx/home/Research/TAD/w2v_culture/outputs/scores/WFIDF/Employee Headcount/scores_WFIDF_Employee Headcount.csv
2024-12-25 13:06:45,795 - INFO - Saved word contributions for Employee Headcount to /scrfs/storage/zichengx/home/Research/TAD/w2v_culture/outputs/scores/word_contributions/Employee Headcount/word_contribution_WFIDF_Employee Headcount.csv
2024-12-25 13:06:45,795 - INFO - Sample of WFIDF scores for Employee Headcount (first 5 documents):
2024-12-25 13:06:45,801 - INFO - 
   Employee Headcount  document_length    Doc_ID
0            0.000000             88.0  222560.0
1            0.000000            158.0  222561.0
2           12.850719           1263.0  222562.0
3            0.000000            729.0  222563.0
4            0.000000            440.0  222564.0
2024-12-25 13:06:45,801 - INFO - 
Processing topic: Business Segment Breakdowns
2024-12-25 13:06:45,801 - INFO - Number of words in Business Segment Breakdowns: 20
2024-12-25 13:06:45,803 - INFO - Computing TF scores for topic Business Segment Breakdowns...
2024-12-25 13:09:22,916 - INFO - Saved TF scores for Business Segment Breakdowns to /scrfs/storage/zichengx/home/Research/TAD/w2v_culture/outputs/scores/TF/Business Segment Breakdowns/scores_TF_Business Segment Breakdowns.csv
2024-12-25 13:09:22,916 - INFO - Sample of TF scores for Business Segment Breakdowns (first 5 documents):
2024-12-25 13:09:22,918 - INFO - 
   Business Segment Breakdowns  document_length    Doc_ID
0                            0               88  222560.0
1                            1              158  222561.0
2                            6             1263  222562.0
3                           15              729  222563.0
4                            1              440  222564.0
2024-12-25 13:09:22,918 - INFO - Computing TFIDF scores for topic Business Segment Breakdowns...
Scoring using TFIDF
2024-12-25 13:21:28,111 - INFO - Saved TFIDF scores for Business Segment Breakdowns to /scrfs/storage/zichengx/home/Research/TAD/w2v_culture/outputs/scores/TFIDF/Business Segment Breakdowns/scores_TFIDF_Business Segment Breakdowns.csv
2024-12-25 13:21:28,144 - INFO - Saved word contributions for Business Segment Breakdowns to /scrfs/storage/zichengx/home/Research/TAD/w2v_culture/outputs/scores/word_contributions/Business Segment Breakdowns/word_contribution_TFIDF_Business Segment Breakdowns.csv
2024-12-25 13:21:28,144 - INFO - Sample of TFIDF scores for Business Segment Breakdowns (first 5 documents):
2024-12-25 13:21:28,146 - INFO - 
   Business Segment Breakdowns  document_length    Doc_ID
0                     0.000000             88.0  222560.0
1                     4.277251            158.0  222561.0
2                    17.443090           1263.0  222562.0
3                    43.607726            729.0  222563.0
4                     5.116668            440.0  222564.0
2024-12-25 13:21:28,146 - INFO - Computing WFIDF scores for topic Business Segment Breakdowns...
Scoring using WFIDF
2024-12-25 13:33:33,857 - INFO - Saved WFIDF scores for Business Segment Breakdowns to /scrfs/storage/zichengx/home/Research/TAD/w2v_culture/outputs/scores/WFIDF/Business Segment Breakdowns/scores_WFIDF_Business Segment Breakdowns.csv
2024-12-25 13:33:33,862 - INFO - Saved word contributions for Business Segment Breakdowns to /scrfs/storage/zichengx/home/Research/TAD/w2v_culture/outputs/scores/word_contributions/Business Segment Breakdowns/word_contribution_WFIDF_Business Segment Breakdowns.csv
2024-12-25 13:33:33,862 - INFO - Sample of WFIDF scores for Business Segment Breakdowns (first 5 documents):
2024-12-25 13:33:33,864 - INFO - 
   Business Segment Breakdowns  document_length    Doc_ID
0                     0.000000             88.0  222560.0
1                     4.277251            158.0  222561.0
2                    12.466949           1263.0  222562.0
3                    18.351034            729.0  222563.0
4                     5.116668            440.0  222564.0
2024-12-25 13:33:33,864 - INFO - 
Processing topic: Operational Risk
2024-12-25 13:33:33,865 - INFO - Number of words in Operational Risk: 20
2024-12-25 13:33:33,865 - INFO - Computing TF scores for topic Operational Risk...
2024-12-25 13:36:21,726 - INFO - Saved TF scores for Operational Risk to /scrfs/storage/zichengx/home/Research/TAD/w2v_culture/outputs/scores/TF/Operational Risk/scores_TF_Operational Risk.csv
2024-12-25 13:36:21,727 - INFO - Sample of TF scores for Operational Risk (first 5 documents):
2024-12-25 13:36:21,729 - INFO - 
   Operational Risk  document_length    Doc_ID
0                 0               88  222560.0
1                 0              158  222561.0
2                 4             1263  222562.0
3                11              729  222563.0
4                 1              440  222564.0
2024-12-25 13:36:21,729 - INFO - Computing TFIDF scores for topic Operational Risk...
Scoring using TFIDF
2024-12-25 13:48:34,324 - INFO - Saved TFIDF scores for Operational Risk to /scrfs/storage/zichengx/home/Research/TAD/w2v_culture/outputs/scores/TFIDF/Operational Risk/scores_TFIDF_Operational Risk.csv
2024-12-25 13:48:34,329 - INFO - Saved word contributions for Operational Risk to /scrfs/storage/zichengx/home/Research/TAD/w2v_culture/outputs/scores/word_contributions/Operational Risk/word_contribution_TFIDF_Operational Risk.csv
2024-12-25 13:48:34,329 - INFO - Sample of TFIDF scores for Operational Risk (first 5 documents):
2024-12-25 13:48:34,331 - INFO - 
   Operational Risk  document_length    Doc_ID
0          0.000000             88.0  222560.0
1          0.000000            158.0  222561.0
2          9.199641           1263.0  222562.0
3         27.913451            729.0  222563.0
4          5.116668            440.0  222564.0
2024-12-25 13:48:34,332 - INFO - Computing WFIDF scores for topic Operational Risk...
Scoring using WFIDF
2024-12-25 14:00:40,397 - INFO - Saved WFIDF scores for Operational Risk to /scrfs/storage/zichengx/home/Research/TAD/w2v_culture/outputs/scores/WFIDF/Operational Risk/scores_WFIDF_Operational Risk.csv
2024-12-25 14:00:40,401 - INFO - Saved word contributions for Operational Risk to /scrfs/storage/zichengx/home/Research/TAD/w2v_culture/outputs/scores/word_contributions/Operational Risk/word_contribution_WFIDF_Operational Risk.csv
2024-12-25 14:00:40,401 - INFO - Sample of WFIDF scores for Operational Risk (first 5 documents):
2024-12-25 14:00:40,403 - INFO - 
   Operational Risk  document_length    Doc_ID
0          0.000000             88.0  222560.0
1          0.000000            158.0  222561.0
2          5.488263           1263.0  222562.0
3         12.509998            729.0  222563.0
4          5.116668            440.0  222564.0
2024-12-25 14:00:40,403 - INFO - 
Processing topic: Product Performance
2024-12-25 14:00:40,404 - INFO - Number of words in Product Performance: 20
2024-12-25 14:00:40,404 - INFO - Computing TF scores for topic Product Performance...
2024-12-25 14:03:27,065 - INFO - Saved TF scores for Product Performance to /scrfs/storage/zichengx/home/Research/TAD/w2v_culture/outputs/scores/TF/Product Performance/scores_TF_Product Performance.csv
2024-12-25 14:03:27,066 - INFO - Sample of TF scores for Product Performance (first 5 documents):
2024-12-25 14:03:27,067 - INFO - 
   Product Performance  document_length    Doc_ID
0                    0               88  222560.0
1                    0              158  222561.0
2                    7             1263  222562.0
3                    9              729  222563.0
4                    1              440  222564.0
2024-12-25 14:03:27,067 - INFO - Computing TFIDF scores for topic Product Performance...
Scoring using TFIDF
2024-12-25 14:15:30,787 - INFO - Saved TFIDF scores for Product Performance to /scrfs/storage/zichengx/home/Research/TAD/w2v_culture/outputs/scores/TFIDF/Product Performance/scores_TFIDF_Product Performance.csv
2024-12-25 14:15:30,844 - INFO - Saved word contributions for Product Performance to /scrfs/storage/zichengx/home/Research/TAD/w2v_culture/outputs/scores/word_contributions/Product Performance/word_contribution_TFIDF_Product Performance.csv
2024-12-25 14:15:30,844 - INFO - Sample of TFIDF scores for Product Performance (first 5 documents):
2024-12-25 14:15:30,890 - INFO - 
   Product Performance  document_length    Doc_ID
0             0.000000             88.0  222560.0
1             0.000000            158.0  222561.0
2            24.098342           1263.0  222562.0
3            33.130363            729.0  222563.0
4             2.483907            440.0  222564.0
2024-12-25 14:15:30,891 - INFO - Computing WFIDF scores for topic Product Performance...
Scoring using WFIDF
2024-12-25 14:27:34,485 - INFO - Saved WFIDF scores for Product Performance to /scrfs/storage/zichengx/home/Research/TAD/w2v_culture/outputs/scores/WFIDF/Product Performance/scores_WFIDF_Product Performance.csv
2024-12-25 14:27:34,513 - INFO - Saved word contributions for Product Performance to /scrfs/storage/zichengx/home/Research/TAD/w2v_culture/outputs/scores/word_contributions/Product Performance/word_contribution_WFIDF_Product Performance.csv
2024-12-25 14:27:34,513 - INFO - Sample of WFIDF scores for Product Performance (first 5 documents):
2024-12-25 14:27:34,516 - INFO - 
   Product Performance  document_length    Doc_ID
0             0.000000             88.0  222560.0
1             0.000000            158.0  222561.0
2            20.871496           1263.0  222562.0
3            22.337828            729.0  222563.0
4             2.483907            440.0  222564.0
2024-12-25 14:27:34,517 - INFO - 
Processing topic: Artificial Intelligence
2024-12-25 14:27:34,518 - INFO - Number of words in Artificial Intelligence: 20
2024-12-25 14:27:34,520 - INFO - Computing TF scores for topic Artificial Intelligence...
2024-12-25 14:30:16,645 - INFO - Saved TF scores for Artificial Intelligence to /scrfs/storage/zichengx/home/Research/TAD/w2v_culture/outputs/scores/TF/Artificial Intelligence/scores_TF_Artificial Intelligence.csv
2024-12-25 14:30:16,645 - INFO - Sample of TF scores for Artificial Intelligence (first 5 documents):
2024-12-25 14:30:16,647 - INFO - 
   Artificial Intelligence  document_length    Doc_ID
0                        0               88  222560.0
1                        0              158  222561.0
2                        3             1263  222562.0
3                        1              729  222563.0
4                        0              440  222564.0
2024-12-25 14:30:16,647 - INFO - Computing TFIDF scores for topic Artificial Intelligence...
Scoring using TFIDF
2024-12-25 14:42:17,172 - INFO - Saved TFIDF scores for Artificial Intelligence to /scrfs/storage/zichengx/home/Research/TAD/w2v_culture/outputs/scores/TFIDF/Artificial Intelligence/scores_TFIDF_Artificial Intelligence.csv
2024-12-25 14:42:17,175 - INFO - Saved word contributions for Artificial Intelligence to /scrfs/storage/zichengx/home/Research/TAD/w2v_culture/outputs/scores/word_contributions/Artificial Intelligence/word_contribution_TFIDF_Artificial Intelligence.csv
2024-12-25 14:42:17,175 - INFO - Sample of TFIDF scores for Artificial Intelligence (first 5 documents):
2024-12-25 14:42:17,177 - INFO - 
   Artificial Intelligence  document_length    Doc_ID
0                 0.000000             88.0  222560.0
1                 0.000000            158.0  222561.0
2                12.649290           1263.0  222562.0
3                 4.107252            729.0  222563.0
4                 0.000000            440.0  222564.0
2024-12-25 14:42:17,179 - INFO - Computing WFIDF scores for topic Artificial Intelligence...
Scoring using WFIDF
2024-12-25 14:54:11,494 - INFO - Saved WFIDF scores for Artificial Intelligence to /scrfs/storage/zichengx/home/Research/TAD/w2v_culture/outputs/scores/WFIDF/Artificial Intelligence/scores_WFIDF_Artificial Intelligence.csv
2024-12-25 14:54:11,501 - INFO - Saved word contributions for Artificial Intelligence to /scrfs/storage/zichengx/home/Research/TAD/w2v_culture/outputs/scores/word_contributions/Artificial Intelligence/word_contribution_WFIDF_Artificial Intelligence.csv
2024-12-25 14:54:11,502 - INFO - Sample of WFIDF scores for Artificial Intelligence (first 5 documents):
2024-12-25 14:54:11,504 - INFO - 
   Artificial Intelligence  document_length    Doc_ID
0                 0.000000             88.0  222560.0
1                 0.000000            158.0  222561.0
2                11.388968           1263.0  222562.0
3                 4.107252            729.0  222563.0
4                 0.000000            440.0  222564.0
2024-12-25 14:54:11,504 - INFO - 
Processing topic: Challenges
2024-12-25 14:54:11,504 - INFO - Number of words in Challenges: 20
2024-12-25 14:54:11,505 - INFO - Computing TF scores for topic Challenges...
2024-12-25 14:56:47,407 - INFO - Saved TF scores for Challenges to /scrfs/storage/zichengx/home/Research/TAD/w2v_culture/outputs/scores/TF/Challenges/scores_TF_Challenges.csv
2024-12-25 14:56:47,407 - INFO - Sample of TF scores for Challenges (first 5 documents):
2024-12-25 14:56:47,409 - INFO - 
   Challenges  document_length    Doc_ID
0           1               88  222560.0
1           2              158  222561.0
2          39             1263  222562.0
3          25              729  222563.0
4          11              440  222564.0
2024-12-25 14:56:47,409 - INFO - Computing TFIDF scores for topic Challenges...
Scoring using TFIDF
2024-12-25 15:08:59,759 - INFO - Saved TFIDF scores for Challenges to /scrfs/storage/zichengx/home/Research/TAD/w2v_culture/outputs/scores/TFIDF/Challenges/scores_TFIDF_Challenges.csv
2024-12-25 15:08:59,826 - INFO - Saved word contributions for Challenges to /scrfs/storage/zichengx/home/Research/TAD/w2v_culture/outputs/scores/word_contributions/Challenges/word_contribution_TFIDF_Challenges.csv
2024-12-25 15:08:59,826 - INFO - Sample of TFIDF scores for Challenges (first 5 documents):
2024-12-25 15:08:59,832 - INFO - 
   Challenges  document_length    Doc_ID
0    2.171058             88.0  222560.0
1    4.342115            158.0  222561.0
2   95.036689           1263.0  222562.0
3   57.187649            729.0  222563.0
4   24.170480            440.0  222564.0
2024-12-25 15:08:59,832 - INFO - Computing WFIDF scores for topic Challenges...
Scoring using WFIDF
2024-12-25 15:21:16,400 - INFO - Saved WFIDF scores for Challenges to /scrfs/storage/zichengx/home/Research/TAD/w2v_culture/outputs/scores/WFIDF/Challenges/scores_WFIDF_Challenges.csv
2024-12-25 15:21:16,426 - INFO - Saved word contributions for Challenges to /scrfs/storage/zichengx/home/Research/TAD/w2v_culture/outputs/scores/word_contributions/Challenges/word_contribution_WFIDF_Challenges.csv
2024-12-25 15:21:16,427 - INFO - Sample of WFIDF scores for Challenges (first 5 documents):
2024-12-25 15:21:16,429 - INFO - 
   Challenges  document_length    Doc_ID
0    2.171058             88.0  222560.0
1    3.675920            158.0  222561.0
2   38.588236           1263.0  222562.0
3   17.344447            729.0  222563.0
4    9.630005            440.0  222564.0
2024-12-25 15:21:16,441 - INFO - 
Processing topic: Cloud Computing
2024-12-25 15:21:16,441 - INFO - Number of words in Cloud Computing: 20
2024-12-25 15:21:16,442 - INFO - Computing TF scores for topic Cloud Computing...
2024-12-25 15:23:36,412 - INFO - Saved TF scores for Cloud Computing to /scrfs/storage/zichengx/home/Research/TAD/w2v_culture/outputs/scores/TF/Cloud Computing/scores_TF_Cloud Computing.csv
2024-12-25 15:23:36,412 - INFO - Sample of TF scores for Cloud Computing (first 5 documents):
2024-12-25 15:23:36,413 - INFO - 
   Cloud Computing  document_length    Doc_ID
0                0               88  222560.0
1                0              158  222561.0
2                4             1263  222562.0
3                1              729  222563.0
4                0              440  222564.0
2024-12-25 15:23:36,414 - INFO - Computing TFIDF scores for topic Cloud Computing...
Scoring using TFIDF
2024-12-25 15:35:36,409 - INFO - Saved TFIDF scores for Cloud Computing to /scrfs/storage/zichengx/home/Research/TAD/w2v_culture/outputs/scores/TFIDF/Cloud Computing/scores_TFIDF_Cloud Computing.csv
2024-12-25 15:35:36,418 - INFO - Saved word contributions for Cloud Computing to /scrfs/storage/zichengx/home/Research/TAD/w2v_culture/outputs/scores/word_contributions/Cloud Computing/word_contribution_TFIDF_Cloud Computing.csv
2024-12-25 15:35:36,419 - INFO - Sample of TFIDF scores for Cloud Computing (first 5 documents):
2024-12-25 15:35:36,424 - INFO - 
   Cloud Computing  document_length    Doc_ID
0         0.000000             88.0  222560.0
1         0.000000            158.0  222561.0
2        17.974270           1263.0  222562.0
3         4.107252            729.0  222563.0
4         0.000000            440.0  222564.0
2024-12-25 15:35:36,425 - INFO - Computing WFIDF scores for topic Cloud Computing...
Scoring using WFIDF
2024-12-25 15:47:31,335 - INFO - Saved WFIDF scores for Cloud Computing to /scrfs/storage/zichengx/home/Research/TAD/w2v_culture/outputs/scores/WFIDF/Cloud Computing/scores_WFIDF_Cloud Computing.csv
2024-12-25 15:47:31,352 - INFO - Saved word contributions for Cloud Computing to /scrfs/storage/zichengx/home/Research/TAD/w2v_culture/outputs/scores/word_contributions/Cloud Computing/word_contribution_WFIDF_Cloud Computing.csv
2024-12-25 15:47:31,352 - INFO - Sample of WFIDF scores for Cloud Computing (first 5 documents):
2024-12-25 15:47:31,359 - INFO - 
   Cloud Computing  document_length    Doc_ID
0         0.000000             88.0  222560.0
1         0.000000            158.0  222561.0
2        16.713948           1263.0  222562.0
3         4.107252            729.0  222563.0
4         0.000000            440.0  222564.0
2024-12-25 15:47:31,359 - INFO - 
Processing topic: Corporate Governance
2024-12-25 15:47:31,359 - INFO - Number of words in Corporate Governance: 20
2024-12-25 15:47:31,365 - INFO - Computing TF scores for topic Corporate Governance...
2024-12-25 15:49:57,448 - INFO - Saved TF scores for Corporate Governance to /scrfs/storage/zichengx/home/Research/TAD/w2v_culture/outputs/scores/TF/Corporate Governance/scores_TF_Corporate Governance.csv
2024-12-25 15:49:57,448 - INFO - Sample of TF scores for Corporate Governance (first 5 documents):
2024-12-25 15:49:57,450 - INFO - 
   Corporate Governance  document_length    Doc_ID
0                     0               88  222560.0
1                     0              158  222561.0
2                     1             1263  222562.0
3                     0              729  222563.0
4                     0              440  222564.0
2024-12-25 15:49:57,450 - INFO - Computing TFIDF scores for topic Corporate Governance...
Scoring using TFIDF
2024-12-25 16:01:45,952 - INFO - Saved TFIDF scores for Corporate Governance to /scrfs/storage/zichengx/home/Research/TAD/w2v_culture/outputs/scores/TFIDF/Corporate Governance/scores_TFIDF_Corporate Governance.csv
2024-12-25 16:01:45,958 - INFO - Saved word contributions for Corporate Governance to /scrfs/storage/zichengx/home/Research/TAD/w2v_culture/outputs/scores/word_contributions/Corporate Governance/word_contribution_TFIDF_Corporate Governance.csv
2024-12-25 16:01:45,958 - INFO - Sample of TFIDF scores for Corporate Governance (first 5 documents):
2024-12-25 16:01:45,960 - INFO - 
   Corporate Governance  document_length    Doc_ID
0              0.000000             88.0  222560.0
1              0.000000            158.0  222561.0
2              4.837103           1263.0  222562.0
3              0.000000            729.0  222563.0
4              0.000000            440.0  222564.0
2024-12-25 16:01:45,960 - INFO - Computing WFIDF scores for topic Corporate Governance...
Scoring using WFIDF
2024-12-25 16:13:34,851 - INFO - Saved WFIDF scores for Corporate Governance to /scrfs/storage/zichengx/home/Research/TAD/w2v_culture/outputs/scores/WFIDF/Corporate Governance/scores_WFIDF_Corporate Governance.csv
2024-12-25 16:13:34,855 - INFO - Saved word contributions for Corporate Governance to /scrfs/storage/zichengx/home/Research/TAD/w2v_culture/outputs/scores/word_contributions/Corporate Governance/word_contribution_WFIDF_Corporate Governance.csv
2024-12-25 16:13:34,855 - INFO - Sample of WFIDF scores for Corporate Governance (first 5 documents):
2024-12-25 16:13:34,857 - INFO - 
   Corporate Governance  document_length    Doc_ID
0              0.000000             88.0  222560.0
1              0.000000            158.0  222561.0
2              4.837103           1263.0  222562.0
3              0.000000            729.0  222563.0
4              0.000000            440.0  222564.0
2024-12-25 16:13:34,857 - INFO - 
Processing topic: Research and Development
2024-12-25 16:13:34,858 - INFO - Number of words in Research and Development: 20
2024-12-25 16:13:34,858 - INFO - Computing TF scores for topic Research and Development...
2024-12-25 16:16:17,374 - INFO - Saved TF scores for Research and Development to /scrfs/storage/zichengx/home/Research/TAD/w2v_culture/outputs/scores/TF/Research and Development/scores_TF_Research and Development.csv
2024-12-25 16:16:17,374 - INFO - Sample of TF scores for Research and Development (first 5 documents):
2024-12-25 16:16:17,377 - INFO - 
   Research and Development  document_length    Doc_ID
0                         0               88  222560.0
1                         0              158  222561.0
2                         8             1263  222562.0
3                         4              729  222563.0
4                         0              440  222564.0
2024-12-25 16:16:17,381 - INFO - Computing TFIDF scores for topic Research and Development...
Scoring using TFIDF
2024-12-25 16:28:17,593 - INFO - Saved TFIDF scores for Research and Development to /scrfs/storage/zichengx/home/Research/TAD/w2v_culture/outputs/scores/TFIDF/Research and Development/scores_TFIDF_Research and Development.csv
2024-12-25 16:28:17,597 - INFO - Saved word contributions for Research and Development to /scrfs/storage/zichengx/home/Research/TAD/w2v_culture/outputs/scores/word_contributions/Research and Development/word_contribution_TFIDF_Research and Development.csv
2024-12-25 16:28:17,597 - INFO - Sample of TFIDF scores for Research and Development (first 5 documents):
2024-12-25 16:28:17,599 - INFO - 
   Research and Development  document_length    Doc_ID
0                  0.000000             88.0  222560.0
1                  0.000000            158.0  222561.0
2                 31.359579           1263.0  222562.0
3                 12.487686            729.0  222563.0
4                  0.000000            440.0  222564.0
2024-12-25 16:28:17,600 - INFO - Computing WFIDF scores for topic Research and Development...
Scoring using WFIDF
2024-12-25 16:40:24,848 - INFO - Saved WFIDF scores for Research and Development to /scrfs/storage/zichengx/home/Research/TAD/w2v_culture/outputs/scores/WFIDF/Research and Development/scores_WFIDF_Research and Development.csv
2024-12-25 16:40:24,857 - INFO - Saved word contributions for Research and Development to /scrfs/storage/zichengx/home/Research/TAD/w2v_culture/outputs/scores/word_contributions/Research and Development/word_contribution_WFIDF_Research and Development.csv
2024-12-25 16:40:24,857 - INFO - Sample of WFIDF scores for Research and Development (first 5 documents):
2024-12-25 16:40:24,862 - INFO - 
   Research and Development  document_length    Doc_ID
0                  0.000000             88.0  222560.0
1                  0.000000            158.0  222561.0
2                 27.581251           1263.0  222562.0
3                  9.969679            729.0  222563.0
4                  0.000000            440.0  222564.0
2024-12-25 16:40:24,864 - INFO - 
Processing topic: Subsidiary Performance
2024-12-25 16:40:24,865 - INFO - Number of words in Subsidiary Performance: 20
2024-12-25 16:40:24,865 - INFO - Computing TF scores for topic Subsidiary Performance...
2024-12-25 16:42:38,030 - INFO - Saved TF scores for Subsidiary Performance to /scrfs/storage/zichengx/home/Research/TAD/w2v_culture/outputs/scores/TF/Subsidiary Performance/scores_TF_Subsidiary Performance.csv
2024-12-25 16:42:38,031 - INFO - Sample of TF scores for Subsidiary Performance (first 5 documents):
2024-12-25 16:42:38,032 - INFO - 
   Subsidiary Performance  document_length    Doc_ID
0                       0               88  222560.0
1                       1              158  222561.0
2                       2             1263  222562.0
3                       0              729  222563.0
4                       0              440  222564.0
2024-12-25 16:42:38,033 - INFO - Computing TFIDF scores for topic Subsidiary Performance...
Scoring using TFIDF
2024-12-25 16:54:34,559 - INFO - Saved TFIDF scores for Subsidiary Performance to /scrfs/storage/zichengx/home/Research/TAD/w2v_culture/outputs/scores/TFIDF/Subsidiary Performance/scores_TFIDF_Subsidiary Performance.csv
2024-12-25 16:54:34,564 - INFO - Saved word contributions for Subsidiary Performance to /scrfs/storage/zichengx/home/Research/TAD/w2v_culture/outputs/scores/word_contributions/Subsidiary Performance/word_contribution_TFIDF_Subsidiary Performance.csv
2024-12-25 16:54:34,564 - INFO - Sample of TFIDF scores for Subsidiary Performance (first 5 documents):
2024-12-25 16:54:34,566 - INFO - 
   Subsidiary Performance  document_length    Doc_ID
0                0.000000             88.0  222560.0
1                3.206225            158.0  222561.0
2                6.412451           1263.0  222562.0
3                0.000000            729.0  222563.0
4                0.000000            440.0  222564.0
2024-12-25 16:54:34,566 - INFO - Computing WFIDF scores for topic Subsidiary Performance...
Scoring using WFIDF
2024-12-25 17:06:27,381 - INFO - Saved WFIDF scores for Subsidiary Performance to /scrfs/storage/zichengx/home/Research/TAD/w2v_culture/outputs/scores/WFIDF/Subsidiary Performance/scores_WFIDF_Subsidiary Performance.csv
2024-12-25 17:06:27,386 - INFO - Saved word contributions for Subsidiary Performance to /scrfs/storage/zichengx/home/Research/TAD/w2v_culture/outputs/scores/word_contributions/Subsidiary Performance/word_contribution_WFIDF_Subsidiary Performance.csv
2024-12-25 17:06:27,386 - INFO - Sample of WFIDF scores for Subsidiary Performance (first 5 documents):
2024-12-25 17:06:27,390 - INFO - 
   Subsidiary Performance  document_length    Doc_ID
0                0.000000             88.0  222560.0
1                3.206225            158.0  222561.0
2                5.428611           1263.0  222562.0
3                0.000000            729.0  222563.0
4                0.000000            440.0  222564.0
2024-12-25 17:06:27,390 - INFO - 
Processing topic: Labor Costs
2024-12-25 17:06:27,390 - INFO - Number of words in Labor Costs: 40
2024-12-25 17:06:27,391 - INFO - Computing TF scores for topic Labor Costs...
2024-12-25 17:09:12,662 - INFO - Saved TF scores for Labor Costs to /scrfs/storage/zichengx/home/Research/TAD/w2v_culture/outputs/scores/TF/Labor Costs/scores_TF_Labor Costs.csv
2024-12-25 17:09:12,662 - INFO - Sample of TF scores for Labor Costs (first 5 documents):
2024-12-25 17:09:12,663 - INFO - 
   Labor Costs  document_length    Doc_ID
0            1               88  222560.0
1            2              158  222561.0
2           38             1263  222562.0
3           27              729  222563.0
4           13              440  222564.0
2024-12-25 17:09:12,663 - INFO - Computing TFIDF scores for topic Labor Costs...
Scoring using TFIDF
2024-12-25 17:25:02,976 - INFO - Saved TFIDF scores for Labor Costs to /scrfs/storage/zichengx/home/Research/TAD/w2v_culture/outputs/scores/TFIDF/Labor Costs/scores_TFIDF_Labor Costs.csv
2024-12-25 17:25:02,982 - INFO - Saved word contributions for Labor Costs to /scrfs/storage/zichengx/home/Research/TAD/w2v_culture/outputs/scores/word_contributions/Labor Costs/word_contribution_TFIDF_Labor Costs.csv
2024-12-25 17:25:02,982 - INFO - Sample of TFIDF scores for Labor Costs (first 5 documents):
2024-12-25 17:25:02,984 - INFO - 
   Labor Costs  document_length    Doc_ID
0     2.171058             88.0  222560.0
1     4.342115            158.0  222561.0
2   121.387453           1263.0  222562.0
3    63.468881            729.0  222563.0
4    30.622370            440.0  222564.0
2024-12-25 17:25:02,985 - INFO - Computing WFIDF scores for topic Labor Costs...
Scoring using WFIDF
2024-12-25 17:41:04,752 - INFO - Saved WFIDF scores for Labor Costs to /scrfs/storage/zichengx/home/Research/TAD/w2v_culture/outputs/scores/WFIDF/Labor Costs/scores_WFIDF_Labor Costs.csv
2024-12-25 17:41:04,756 - INFO - Saved word contributions for Labor Costs to /scrfs/storage/zichengx/home/Research/TAD/w2v_culture/outputs/scores/word_contributions/Labor Costs/word_contribution_WFIDF_Labor Costs.csv
2024-12-25 17:41:04,757 - INFO - Sample of WFIDF scores for Labor Costs (first 5 documents):
2024-12-25 17:41:04,759 - INFO - 
   Labor Costs  document_length    Doc_ID
0     2.171058             88.0  222560.0
1     3.675920            158.0  222561.0
2    64.057339           1263.0  222562.0
3    22.069494            729.0  222563.0
4    13.404235            440.0  222564.0
2024-12-25 17:41:04,759 - INFO - 
Processing topic: Funding Rate
2024-12-25 17:41:04,759 - INFO - Number of words in Funding Rate: 20
2024-12-25 17:41:04,760 - INFO - Computing TF scores for topic Funding Rate...
2024-12-25 17:43:19,038 - INFO - Saved TF scores for Funding Rate to /scrfs/storage/zichengx/home/Research/TAD/w2v_culture/outputs/scores/TF/Funding Rate/scores_TF_Funding Rate.csv
2024-12-25 17:43:19,038 - INFO - Sample of TF scores for Funding Rate (first 5 documents):
2024-12-25 17:43:19,039 - INFO - 
   Funding Rate  document_length    Doc_ID
0             0               88  222560.0
1             1              158  222561.0
2             6             1263  222562.0
3             1              729  222563.0
4             9              440  222564.0
2024-12-25 17:43:19,039 - INFO - Computing TFIDF scores for topic Funding Rate...
Scoring using TFIDF
2024-12-25 17:55:23,809 - INFO - Saved TFIDF scores for Funding Rate to /scrfs/storage/zichengx/home/Research/TAD/w2v_culture/outputs/scores/TFIDF/Funding Rate/scores_TFIDF_Funding Rate.csv
2024-12-25 17:55:23,813 - INFO - Saved word contributions for Funding Rate to /scrfs/storage/zichengx/home/Research/TAD/w2v_culture/outputs/scores/word_contributions/Funding Rate/word_contribution_TFIDF_Funding Rate.csv
2024-12-25 17:55:23,813 - INFO - Sample of TFIDF scores for Funding Rate (first 5 documents):
2024-12-25 17:55:23,815 - INFO - 
   Funding Rate  document_length    Doc_ID
0      0.000000             88.0  222560.0
1      4.003381            158.0  222561.0
2     16.715650           1263.0  222562.0
3      6.288492            729.0  222563.0
4     27.033690            440.0  222564.0
2024-12-25 17:55:23,815 - INFO - Computing WFIDF scores for topic Funding Rate...
Scoring using WFIDF
2024-12-25 18:07:25,663 - INFO - Saved WFIDF scores for Funding Rate to /scrfs/storage/zichengx/home/Research/TAD/w2v_culture/outputs/scores/WFIDF/Funding Rate/scores_WFIDF_Funding Rate.csv
2024-12-25 18:07:25,667 - INFO - Saved word contributions for Funding Rate to /scrfs/storage/zichengx/home/Research/TAD/w2v_culture/outputs/scores/word_contributions/Funding Rate/word_contribution_WFIDF_Funding Rate.csv
2024-12-25 18:07:25,667 - INFO - Sample of WFIDF scores for Funding Rate (first 5 documents):
2024-12-25 18:07:25,672 - INFO - 
   Funding Rate  document_length    Doc_ID
0      0.000000             88.0  222560.0
1      4.003381            158.0  222561.0
2     10.957321           1263.0  222562.0
3      6.288492            729.0  222563.0
4      9.603642            440.0  222564.0
2024-12-25 18:07:25,672 - INFO - 
Processing topic: Environmental
2024-12-25 18:07:25,673 - INFO - Number of words in Environmental: 20
2024-12-25 18:07:25,673 - INFO - Computing TF scores for topic Environmental...
2024-12-25 18:09:41,967 - INFO - Saved TF scores for Environmental to /scrfs/storage/zichengx/home/Research/TAD/w2v_culture/outputs/scores/TF/Environmental/scores_TF_Environmental.csv
2024-12-25 18:09:41,967 - INFO - Sample of TF scores for Environmental (first 5 documents):
2024-12-25 18:09:41,968 - INFO - 
   Environmental  document_length    Doc_ID
0              0               88  222560.0
1              0              158  222561.0
2              0             1263  222562.0
3              0              729  222563.0
4              0              440  222564.0
2024-12-25 18:09:41,969 - INFO - Computing TFIDF scores for topic Environmental...
Scoring using TFIDF
2024-12-25 18:21:26,703 - INFO - Saved TFIDF scores for Environmental to /scrfs/storage/zichengx/home/Research/TAD/w2v_culture/outputs/scores/TFIDF/Environmental/scores_TFIDF_Environmental.csv
2024-12-25 18:21:26,707 - INFO - Saved word contributions for Environmental to /scrfs/storage/zichengx/home/Research/TAD/w2v_culture/outputs/scores/word_contributions/Environmental/word_contribution_TFIDF_Environmental.csv
2024-12-25 18:21:26,707 - INFO - Sample of TFIDF scores for Environmental (first 5 documents):
2024-12-25 18:21:26,710 - INFO - 
   Environmental  document_length    Doc_ID
0            0.0             88.0  222560.0
1            0.0            158.0  222561.0
2            0.0           1263.0  222562.0
3            0.0            729.0  222563.0
4            0.0            440.0  222564.0
2024-12-25 18:21:26,711 - INFO - Computing WFIDF scores for topic Environmental...
Scoring using WFIDF
2024-12-25 18:33:20,871 - INFO - Saved WFIDF scores for Environmental to /scrfs/storage/zichengx/home/Research/TAD/w2v_culture/outputs/scores/WFIDF/Environmental/scores_WFIDF_Environmental.csv
2024-12-25 18:33:20,875 - INFO - Saved word contributions for Environmental to /scrfs/storage/zichengx/home/Research/TAD/w2v_culture/outputs/scores/word_contributions/Environmental/word_contribution_WFIDF_Environmental.csv
2024-12-25 18:33:20,875 - INFO - Sample of WFIDF scores for Environmental (first 5 documents):
2024-12-25 18:33:20,877 - INFO - 
   Environmental  document_length    Doc_ID
0            0.0             88.0  222560.0
1            0.0            158.0  222561.0
2            0.0           1263.0  222562.0
3            0.0            729.0  222563.0
4            0.0            440.0  222564.0
2024-12-25 18:33:20,877 - INFO - 
Processing topic: Firm Specific
2024-12-25 18:33:20,878 - INFO - Number of words in Firm Specific: 20
2024-12-25 18:33:20,878 - INFO - Computing TF scores for topic Firm Specific...
2024-12-25 18:35:32,008 - INFO - Saved TF scores for Firm Specific to /scrfs/storage/zichengx/home/Research/TAD/w2v_culture/outputs/scores/TF/Firm Specific/scores_TF_Firm Specific.csv
2024-12-25 18:35:32,009 - INFO - Sample of TF scores for Firm Specific (first 5 documents):
2024-12-25 18:35:32,010 - INFO - 
   Firm Specific  document_length    Doc_ID
0              0               88  222560.0
1              0              158  222561.0
2              2             1263  222562.0
3              1              729  222563.0
4              0              440  222564.0
2024-12-25 18:35:32,010 - INFO - Computing TFIDF scores for topic Firm Specific...
Scoring using TFIDF
2024-12-25 18:47:28,590 - INFO - Saved TFIDF scores for Firm Specific to /scrfs/storage/zichengx/home/Research/TAD/w2v_culture/outputs/scores/TFIDF/Firm Specific/scores_TFIDF_Firm Specific.csv
2024-12-25 18:47:28,594 - INFO - Saved word contributions for Firm Specific to /scrfs/storage/zichengx/home/Research/TAD/w2v_culture/outputs/scores/word_contributions/Firm Specific/word_contribution_TFIDF_Firm Specific.csv
2024-12-25 18:47:28,595 - INFO - Sample of TFIDF scores for Firm Specific (first 5 documents):
2024-12-25 18:47:28,596 - INFO - 
   Firm Specific  document_length    Doc_ID
0       0.000000             88.0  222560.0
1       0.000000            158.0  222561.0
2       8.214504           1263.0  222562.0
3       4.107252            729.0  222563.0
4       0.000000            440.0  222564.0
2024-12-25 18:47:28,597 - INFO - Computing WFIDF scores for topic Firm Specific...
Scoring using WFIDF
2024-12-25 18:59:21,889 - INFO - Saved WFIDF scores for Firm Specific to /scrfs/storage/zichengx/home/Research/TAD/w2v_culture/outputs/scores/WFIDF/Firm Specific/scores_WFIDF_Firm Specific.csv
2024-12-25 18:59:21,893 - INFO - Saved word contributions for Firm Specific to /scrfs/storage/zichengx/home/Research/TAD/w2v_culture/outputs/scores/word_contributions/Firm Specific/word_contribution_WFIDF_Firm Specific.csv
2024-12-25 18:59:21,893 - INFO - Sample of WFIDF scores for Firm Specific (first 5 documents):
2024-12-25 18:59:21,898 - INFO - 
   Firm Specific  document_length    Doc_ID
0       0.000000             88.0  222560.0
1       0.000000            158.0  222561.0
2       6.954182           1263.0  222562.0
3       4.107252            729.0  222563.0
4       0.000000            440.0  222564.0
2024-12-25 18:59:21,899 - INFO - 
Processing topic: CEO Transition
2024-12-25 18:59:21,899 - INFO - Number of words in CEO Transition: 40
2024-12-25 18:59:21,899 - INFO - Computing TF scores for topic CEO Transition...
2024-12-25 19:02:12,737 - INFO - Saved TF scores for CEO Transition to /scrfs/storage/zichengx/home/Research/TAD/w2v_culture/outputs/scores/TF/CEO Transition/scores_TF_CEO Transition.csv
2024-12-25 19:02:12,737 - INFO - Sample of TF scores for CEO Transition (first 5 documents):
2024-12-25 19:02:12,738 - INFO - 
   CEO Transition  document_length    Doc_ID
0               0               88  222560.0
1               0              158  222561.0
2               0             1263  222562.0
3               1              729  222563.0
4               0              440  222564.0
2024-12-25 19:02:12,738 - INFO - Computing TFIDF scores for topic CEO Transition...
Scoring using TFIDF
2024-12-25 19:17:51,709 - INFO - Saved TFIDF scores for CEO Transition to /scrfs/storage/zichengx/home/Research/TAD/w2v_culture/outputs/scores/TFIDF/CEO Transition/scores_TFIDF_CEO Transition.csv
2024-12-25 19:17:51,713 - INFO - Saved word contributions for CEO Transition to /scrfs/storage/zichengx/home/Research/TAD/w2v_culture/outputs/scores/word_contributions/CEO Transition/word_contribution_TFIDF_CEO Transition.csv
2024-12-25 19:17:51,714 - INFO - Sample of TFIDF scores for CEO Transition (first 5 documents):
2024-12-25 19:17:51,716 - INFO - 
   CEO Transition  document_length    Doc_ID
0        0.000000             88.0  222560.0
1        0.000000            158.0  222561.0
2        0.000000           1263.0  222562.0
3        3.232002            729.0  222563.0
4        0.000000            440.0  222564.0
2024-12-25 19:17:51,716 - INFO - Computing WFIDF scores for topic CEO Transition...
Scoring using WFIDF
2024-12-25 19:33:33,005 - INFO - Saved WFIDF scores for CEO Transition to /scrfs/storage/zichengx/home/Research/TAD/w2v_culture/outputs/scores/WFIDF/CEO Transition/scores_WFIDF_CEO Transition.csv
2024-12-25 19:33:33,094 - INFO - Saved word contributions for CEO Transition to /scrfs/storage/zichengx/home/Research/TAD/w2v_culture/outputs/scores/word_contributions/CEO Transition/word_contribution_WFIDF_CEO Transition.csv
2024-12-25 19:33:33,095 - INFO - Sample of WFIDF scores for CEO Transition (first 5 documents):
2024-12-25 19:33:33,196 - INFO - 
   CEO Transition  document_length    Doc_ID
0        0.000000             88.0  222560.0
1        0.000000            158.0  222561.0
2        0.000000           1263.0  222562.0
3        3.232002            729.0  222563.0
4        0.000000            440.0  222564.0
2024-12-25 19:33:33,198 - INFO - 
Processing topic: Customer Management
2024-12-25 19:33:33,200 - INFO - Number of words in Customer Management: 37
2024-12-25 19:33:33,220 - INFO - Computing TF scores for topic Customer Management...
2024-12-25 19:36:44,419 - INFO - Saved TF scores for Customer Management to /scrfs/storage/zichengx/home/Research/TAD/w2v_culture/outputs/scores/TF/Customer Management/scores_TF_Customer Management.csv
2024-12-25 19:36:44,419 - INFO - Sample of TF scores for Customer Management (first 5 documents):
2024-12-25 19:36:44,420 - INFO - 
   Customer Management  document_length    Doc_ID
0                    0               88  222560.0
1                    0              158  222561.0
2                    3             1263  222562.0
3                    1              729  222563.0
4                    0              440  222564.0
2024-12-25 19:36:44,420 - INFO - Computing TFIDF scores for topic Customer Management...
Scoring using TFIDF
2024-12-25 19:51:50,813 - INFO - Saved TFIDF scores for Customer Management to /scrfs/storage/zichengx/home/Research/TAD/w2v_culture/outputs/scores/TFIDF/Customer Management/scores_TFIDF_Customer Management.csv
2024-12-25 19:51:50,817 - INFO - Saved word contributions for Customer Management to /scrfs/storage/zichengx/home/Research/TAD/w2v_culture/outputs/scores/word_contributions/Customer Management/word_contribution_TFIDF_Customer Management.csv
2024-12-25 19:51:50,817 - INFO - Sample of TFIDF scores for Customer Management (first 5 documents):
2024-12-25 19:51:50,819 - INFO - 
   Customer Management  document_length    Doc_ID
0             0.000000             88.0  222560.0
1             0.000000            158.0  222561.0
2            13.171201           1263.0  222562.0
3             4.289479            729.0  222563.0
4             0.000000            440.0  222564.0
2024-12-25 19:51:50,820 - INFO - Computing WFIDF scores for topic Customer Management...
Scoring using WFIDF
2024-12-25 20:06:57,153 - INFO - Saved WFIDF scores for Customer Management to /scrfs/storage/zichengx/home/Research/TAD/w2v_culture/outputs/scores/WFIDF/Customer Management/scores_WFIDF_Customer Management.csv
2024-12-25 20:06:57,157 - INFO - Saved word contributions for Customer Management to /scrfs/storage/zichengx/home/Research/TAD/w2v_culture/outputs/scores/word_contributions/Customer Management/word_contribution_WFIDF_Customer Management.csv
2024-12-25 20:06:57,157 - INFO - Sample of WFIDF scores for Customer Management (first 5 documents):
2024-12-25 20:06:57,159 - INFO - 
   Customer Management  document_length    Doc_ID
0             0.000000             88.0  222560.0
1             0.000000            158.0  222561.0
2             9.213748           1263.0  222562.0
3             4.289479            729.0  222563.0
4             0.000000            440.0  222564.0
2024-12-25 20:06:57,160 - INFO - 
Processing topic: Business Strategy
2024-12-25 20:06:57,160 - INFO - Number of words in Business Strategy: 20
2024-12-25 20:06:57,160 - INFO - Computing TF scores for topic Business Strategy...
2024-12-25 20:09:14,638 - INFO - Saved TF scores for Business Strategy to /scrfs/storage/zichengx/home/Research/TAD/w2v_culture/outputs/scores/TF/Business Strategy/scores_TF_Business Strategy.csv
2024-12-25 20:09:14,638 - INFO - Sample of TF scores for Business Strategy (first 5 documents):
2024-12-25 20:09:14,640 - INFO - 
   Business Strategy  document_length    Doc_ID
0                  0               88  222560.0
1                  0              158  222561.0
2                  5             1263  222562.0
3                  1              729  222563.0
4                  0              440  222564.0
2024-12-25 20:09:14,640 - INFO - Computing TFIDF scores for topic Business Strategy...
Scoring using TFIDF
2024-12-25 20:21:22,513 - INFO - Saved TFIDF scores for Business Strategy to /scrfs/storage/zichengx/home/Research/TAD/w2v_culture/outputs/scores/TFIDF/Business Strategy/scores_TFIDF_Business Strategy.csv
2024-12-25 20:21:22,517 - INFO - Saved word contributions for Business Strategy to /scrfs/storage/zichengx/home/Research/TAD/w2v_culture/outputs/scores/word_contributions/Business Strategy/word_contribution_TFIDF_Business Strategy.csv
2024-12-25 20:21:22,517 - INFO - Sample of TFIDF scores for Business Strategy (first 5 documents):
2024-12-25 20:21:22,519 - INFO - 
   Business Strategy  document_length    Doc_ID
0           0.000000             88.0  222560.0
1           0.000000            158.0  222561.0
2          20.068286           1263.0  222562.0
3           3.616642            729.0  222563.0
4           0.000000            440.0  222564.0
2024-12-25 20:21:22,519 - INFO - Computing WFIDF scores for topic Business Strategy...
Scoring using WFIDF
2024-12-25 20:33:26,362 - INFO - Saved WFIDF scores for Business Strategy to /scrfs/storage/zichengx/home/Research/TAD/w2v_culture/outputs/scores/WFIDF/Business Strategy/scores_WFIDF_Business Strategy.csv
2024-12-25 20:33:26,366 - INFO - Saved word contributions for Business Strategy to /scrfs/storage/zichengx/home/Research/TAD/w2v_culture/outputs/scores/word_contributions/Business Strategy/word_contribution_WFIDF_Business Strategy.csv
2024-12-25 20:33:26,366 - INFO - Sample of WFIDF scores for Business Strategy (first 5 documents):
2024-12-25 20:33:26,368 - INFO - 
   Business Strategy  document_length    Doc_ID
0           0.000000             88.0  222560.0
1           0.000000            158.0  222561.0
2          19.018607           1263.0  222562.0
3           3.616642            729.0  222563.0
4           0.000000            440.0  222564.0
2024-12-25 20:33:26,368 - INFO - 
Processing topic: Risk Hedging
2024-12-25 20:33:26,369 - INFO - Number of words in Risk Hedging: 20
2024-12-25 20:33:26,369 - INFO - Computing TF scores for topic Risk Hedging...
2024-12-25 20:36:02,860 - INFO - Saved TF scores for Risk Hedging to /scrfs/storage/zichengx/home/Research/TAD/w2v_culture/outputs/scores/TF/Risk Hedging/scores_TF_Risk Hedging.csv
2024-12-25 20:36:02,860 - INFO - Sample of TF scores for Risk Hedging (first 5 documents):
2024-12-25 20:36:02,863 - INFO - 
   Risk Hedging  document_length    Doc_ID
0             0               88  222560.0
1             0              158  222561.0
2             2             1263  222562.0
3             0              729  222563.0
4             0              440  222564.0
2024-12-25 20:36:02,863 - INFO - Computing TFIDF scores for topic Risk Hedging...
Scoring using TFIDF
2024-12-25 20:48:12,410 - INFO - Saved TFIDF scores for Risk Hedging to /scrfs/storage/zichengx/home/Research/TAD/w2v_culture/outputs/scores/TFIDF/Risk Hedging/scores_TFIDF_Risk Hedging.csv
2024-12-25 20:48:12,415 - INFO - Saved word contributions for Risk Hedging to /scrfs/storage/zichengx/home/Research/TAD/w2v_culture/outputs/scores/word_contributions/Risk Hedging/word_contribution_TFIDF_Risk Hedging.csv
2024-12-25 20:48:12,415 - INFO - Sample of TFIDF scores for Risk Hedging (first 5 documents):
2024-12-25 20:48:12,419 - INFO - 
   Risk Hedging  document_length    Doc_ID
0      0.000000             88.0  222560.0
1      0.000000            158.0  222561.0
2      6.543738           1263.0  222562.0
3      0.000000            729.0  222563.0
4      0.000000            440.0  222564.0
2024-12-25 20:48:12,420 - INFO - Computing WFIDF scores for topic Risk Hedging...
Scoring using WFIDF
2024-12-25 21:00:20,642 - INFO - Saved WFIDF scores for Risk Hedging to /scrfs/storage/zichengx/home/Research/TAD/w2v_culture/outputs/scores/WFIDF/Risk Hedging/scores_WFIDF_Risk Hedging.csv
2024-12-25 21:00:20,646 - INFO - Saved word contributions for Risk Hedging to /scrfs/storage/zichengx/home/Research/TAD/w2v_culture/outputs/scores/word_contributions/Risk Hedging/word_contribution_WFIDF_Risk Hedging.csv
2024-12-25 21:00:20,646 - INFO - Sample of WFIDF scores for Risk Hedging (first 5 documents):
2024-12-25 21:00:20,648 - INFO - 
   Risk Hedging  document_length    Doc_ID
0      0.000000             88.0  222560.0
1      0.000000            158.0  222561.0
2      5.539756           1263.0  222562.0
3      0.000000            729.0  222563.0
4      0.000000            440.0  222564.0
2024-12-25 21:00:20,649 - INFO - 
Processing topic: Geopolitical Risk
2024-12-25 21:00:20,649 - INFO - Number of words in Geopolitical Risk: 40
2024-12-25 21:00:20,650 - INFO - Computing TF scores for topic Geopolitical Risk...
2024-12-25 21:03:16,073 - INFO - Saved TF scores for Geopolitical Risk to /scrfs/storage/zichengx/home/Research/TAD/w2v_culture/outputs/scores/TF/Geopolitical Risk/scores_TF_Geopolitical Risk.csv
2024-12-25 21:03:16,074 - INFO - Sample of TF scores for Geopolitical Risk (first 5 documents):
2024-12-25 21:03:16,075 - INFO - 
   Geopolitical Risk  document_length    Doc_ID
0                  0               88  222560.0
1                  0              158  222561.0
2                  2             1263  222562.0
3                  0              729  222563.0
4                  0              440  222564.0
2024-12-25 21:03:16,075 - INFO - Computing TFIDF scores for topic Geopolitical Risk...
Scoring using TFIDF
2024-12-25 21:18:58,435 - INFO - Saved TFIDF scores for Geopolitical Risk to /scrfs/storage/zichengx/home/Research/TAD/w2v_culture/outputs/scores/TFIDF/Geopolitical Risk/scores_TFIDF_Geopolitical Risk.csv
2024-12-25 21:18:58,457 - INFO - Saved word contributions for Geopolitical Risk to /scrfs/storage/zichengx/home/Research/TAD/w2v_culture/outputs/scores/word_contributions/Geopolitical Risk/word_contribution_TFIDF_Geopolitical Risk.csv
2024-12-25 21:18:58,457 - INFO - Sample of TFIDF scores for Geopolitical Risk (first 5 documents):
2024-12-25 21:18:58,519 - INFO - 
   Geopolitical Risk  document_length    Doc_ID
0           0.000000             88.0  222560.0
1           0.000000            158.0  222561.0
2           5.731212           1263.0  222562.0
3           0.000000            729.0  222563.0
4           0.000000            440.0  222564.0
2024-12-25 21:18:58,520 - INFO - Computing WFIDF scores for topic Geopolitical Risk...
Scoring using WFIDF
2024-12-25 21:34:35,708 - INFO - Saved WFIDF scores for Geopolitical Risk to /scrfs/storage/zichengx/home/Research/TAD/w2v_culture/outputs/scores/WFIDF/Geopolitical Risk/scores_WFIDF_Geopolitical Risk.csv
2024-12-25 21:34:35,727 - INFO - Saved word contributions for Geopolitical Risk to /scrfs/storage/zichengx/home/Research/TAD/w2v_culture/outputs/scores/word_contributions/Geopolitical Risk/word_contribution_WFIDF_Geopolitical Risk.csv
2024-12-25 21:34:35,727 - INFO - Sample of WFIDF scores for Geopolitical Risk (first 5 documents):
2024-12-25 21:34:35,729 - INFO - 
   Geopolitical Risk  document_length    Doc_ID
0           0.000000             88.0  222560.0
1           0.000000            158.0  222561.0
2           4.851892           1263.0  222562.0
3           0.000000            729.0  222563.0
4           0.000000            440.0  222564.0
2024-12-25 21:34:35,730 - INFO - 
Processing topic: Confident
2024-12-25 21:34:35,730 - INFO - Number of words in Confident: 20
2024-12-25 21:34:35,730 - INFO - Computing TF scores for topic Confident...
2024-12-25 21:36:53,005 - INFO - Saved TF scores for Confident to /scrfs/storage/zichengx/home/Research/TAD/w2v_culture/outputs/scores/TF/Confident/scores_TF_Confident.csv
2024-12-25 21:36:53,005 - INFO - Sample of TF scores for Confident (first 5 documents):
2024-12-25 21:36:53,007 - INFO - 
   Confident  document_length    Doc_ID
0          0               88  222560.0
1          0              158  222561.0
2          0             1263  222562.0
3          1              729  222563.0
4          0              440  222564.0
2024-12-25 21:36:53,007 - INFO - Computing TFIDF scores for topic Confident...
Scoring using TFIDF
2024-12-25 21:48:43,801 - INFO - Saved TFIDF scores for Confident to /scrfs/storage/zichengx/home/Research/TAD/w2v_culture/outputs/scores/TFIDF/Confident/scores_TFIDF_Confident.csv
2024-12-25 21:48:43,806 - INFO - Saved word contributions for Confident to /scrfs/storage/zichengx/home/Research/TAD/w2v_culture/outputs/scores/word_contributions/Confident/word_contribution_TFIDF_Confident.csv
2024-12-25 21:48:43,806 - INFO - Sample of TFIDF scores for Confident (first 5 documents):
2024-12-25 21:48:43,811 - INFO - 
   Confident  document_length    Doc_ID
0   0.000000             88.0  222560.0
1   0.000000            158.0  222561.0
2   0.000000           1263.0  222562.0
3   4.605368            729.0  222563.0
4   0.000000            440.0  222564.0
2024-12-25 21:48:43,812 - INFO - Computing WFIDF scores for topic Confident...
Scoring using WFIDF
2024-12-25 22:00:41,233 - INFO - Saved WFIDF scores for Confident to /scrfs/storage/zichengx/home/Research/TAD/w2v_culture/outputs/scores/WFIDF/Confident/scores_WFIDF_Confident.csv
2024-12-25 22:00:41,238 - INFO - Saved word contributions for Confident to /scrfs/storage/zichengx/home/Research/TAD/w2v_culture/outputs/scores/word_contributions/Confident/word_contribution_WFIDF_Confident.csv
2024-12-25 22:00:41,238 - INFO - Sample of WFIDF scores for Confident (first 5 documents):
2024-12-25 22:00:41,240 - INFO - 
   Confident  document_length    Doc_ID
0   0.000000             88.0  222560.0
1   0.000000            158.0  222561.0
2   0.000000           1263.0  222562.0
3   4.605368            729.0  222563.0
4   0.000000            440.0  222564.0
2024-12-25 22:00:41,240 - INFO - 
Processing topic: Pension
2024-12-25 22:00:41,241 - INFO - Number of words in Pension: 20
2024-12-25 22:00:41,241 - INFO - Computing TF scores for topic Pension...
2024-12-25 22:03:20,612 - INFO - Saved TF scores for Pension to /scrfs/storage/zichengx/home/Research/TAD/w2v_culture/outputs/scores/TF/Pension/scores_TF_Pension.csv
2024-12-25 22:03:20,612 - INFO - Sample of TF scores for Pension (first 5 documents):
2024-12-25 22:03:20,613 - INFO - 
   Pension  document_length    Doc_ID
0        0               88  222560.0
1        0              158  222561.0
2        0             1263  222562.0
3        0              729  222563.0
4       12              440  222564.0
2024-12-25 22:03:20,614 - INFO - Computing TFIDF scores for topic Pension...
Scoring using TFIDF
2024-12-25 22:15:18,847 - INFO - Saved TFIDF scores for Pension to /scrfs/storage/zichengx/home/Research/TAD/w2v_culture/outputs/scores/TFIDF/Pension/scores_TFIDF_Pension.csv
2024-12-25 22:15:18,852 - INFO - Saved word contributions for Pension to /scrfs/storage/zichengx/home/Research/TAD/w2v_culture/outputs/scores/word_contributions/Pension/word_contribution_TFIDF_Pension.csv
2024-12-25 22:15:18,852 - INFO - Sample of TFIDF scores for Pension (first 5 documents):
2024-12-25 22:15:18,854 - INFO - 
     Pension  document_length    Doc_ID
0   0.000000             88.0  222560.0
1   0.000000            158.0  222561.0
2   0.000000           1263.0  222562.0
3   0.000000            729.0  222563.0
4  35.945483            440.0  222564.0
2024-12-25 22:15:18,854 - INFO - Computing WFIDF scores for topic Pension...
Scoring using WFIDF
2024-12-25 22:27:14,356 - INFO - Saved WFIDF scores for Pension to /scrfs/storage/zichengx/home/Research/TAD/w2v_culture/outputs/scores/WFIDF/Pension/scores_WFIDF_Pension.csv
2024-12-25 22:27:14,360 - INFO - Saved word contributions for Pension to /scrfs/storage/zichengx/home/Research/TAD/w2v_culture/outputs/scores/word_contributions/Pension/word_contribution_WFIDF_Pension.csv
2024-12-25 22:27:14,360 - INFO - Sample of WFIDF scores for Pension (first 5 documents):
2024-12-25 22:27:14,362 - INFO - 
     Pension  document_length    Doc_ID
0   0.000000             88.0  222560.0
1   0.000000            158.0  222561.0
2   0.000000           1263.0  222562.0
3   0.000000            729.0  222563.0
4  15.837775            440.0  222564.0
2024-12-25 22:27:14,363 - INFO - 
Processing topic: Cybersecurity
2024-12-25 22:27:14,363 - INFO - Number of words in Cybersecurity: 20
2024-12-25 22:27:14,363 - INFO - Computing TF scores for topic Cybersecurity...
2024-12-25 22:29:49,661 - INFO - Saved TF scores for Cybersecurity to /scrfs/storage/zichengx/home/Research/TAD/w2v_culture/outputs/scores/TF/Cybersecurity/scores_TF_Cybersecurity.csv
2024-12-25 22:29:49,661 - INFO - Sample of TF scores for Cybersecurity (first 5 documents):
2024-12-25 22:29:49,663 - INFO - 
   Cybersecurity  document_length    Doc_ID
0              0               88  222560.0
1              2              158  222561.0
2              0             1263  222562.0
3              0              729  222563.0
4              0              440  222564.0
2024-12-25 22:29:49,663 - INFO - Computing TFIDF scores for topic Cybersecurity...
Scoring using TFIDF
2024-12-25 22:41:40,913 - INFO - Saved TFIDF scores for Cybersecurity to /scrfs/storage/zichengx/home/Research/TAD/w2v_culture/outputs/scores/TFIDF/Cybersecurity/scores_TFIDF_Cybersecurity.csv
2024-12-25 22:41:40,917 - INFO - Saved word contributions for Cybersecurity to /scrfs/storage/zichengx/home/Research/TAD/w2v_culture/outputs/scores/word_contributions/Cybersecurity/word_contribution_TFIDF_Cybersecurity.csv
2024-12-25 22:41:40,917 - INFO - Sample of TFIDF scores for Cybersecurity (first 5 documents):
2024-12-25 22:41:40,920 - INFO - 
   Cybersecurity  document_length    Doc_ID
0       0.000000             88.0  222560.0
1       8.059354            158.0  222561.0
2       0.000000           1263.0  222562.0
3       0.000000            729.0  222563.0
4       0.000000            440.0  222564.0
2024-12-25 22:41:40,920 - INFO - Computing WFIDF scores for topic Cybersecurity...
Scoring using WFIDF
2024-12-25 22:53:29,100 - INFO - Saved WFIDF scores for Cybersecurity to /scrfs/storage/zichengx/home/Research/TAD/w2v_culture/outputs/scores/WFIDF/Cybersecurity/scores_WFIDF_Cybersecurity.csv
2024-12-25 22:53:29,104 - INFO - Saved word contributions for Cybersecurity to /scrfs/storage/zichengx/home/Research/TAD/w2v_culture/outputs/scores/word_contributions/Cybersecurity/word_contribution_WFIDF_Cybersecurity.csv
2024-12-25 22:53:29,105 - INFO - Sample of WFIDF scores for Cybersecurity (first 5 documents):
2024-12-25 22:53:29,111 - INFO - 
   Cybersecurity  document_length    Doc_ID
0       0.000000             88.0  222560.0
1       6.822836            158.0  222561.0
2       0.000000           1263.0  222562.0
3       0.000000            729.0  222563.0
4       0.000000            440.0  222564.0
2024-12-25 22:53:29,111 - INFO - 
Processing topic: Credit Rating
2024-12-25 22:53:29,112 - INFO - Number of words in Credit Rating: 40
2024-12-25 22:53:29,113 - INFO - Computing TF scores for topic Credit Rating...
2024-12-25 22:56:10,102 - INFO - Saved TF scores for Credit Rating to /scrfs/storage/zichengx/home/Research/TAD/w2v_culture/outputs/scores/TF/Credit Rating/scores_TF_Credit Rating.csv
2024-12-25 22:56:10,102 - INFO - Sample of TF scores for Credit Rating (first 5 documents):
2024-12-25 22:56:10,103 - INFO - 
   Credit Rating  document_length    Doc_ID
0              0               88  222560.0
1              1              158  222561.0
2              1             1263  222562.0
3              2              729  222563.0
4              4              440  222564.0
2024-12-25 22:56:10,103 - INFO - Computing TFIDF scores for topic Credit Rating...
Scoring using TFIDF
2024-12-25 23:11:46,807 - INFO - Saved TFIDF scores for Credit Rating to /scrfs/storage/zichengx/home/Research/TAD/w2v_culture/outputs/scores/TFIDF/Credit Rating/scores_TFIDF_Credit Rating.csv
2024-12-25 23:11:46,811 - INFO - Saved word contributions for Credit Rating to /scrfs/storage/zichengx/home/Research/TAD/w2v_culture/outputs/scores/word_contributions/Credit Rating/word_contribution_TFIDF_Credit Rating.csv
2024-12-25 23:11:46,811 - INFO - Sample of TFIDF scores for Credit Rating (first 5 documents):
2024-12-25 23:11:46,816 - INFO - 
   Credit Rating  document_length    Doc_ID
0       0.000000             88.0  222560.0
1       3.816710            158.0  222561.0
2       3.777200           1263.0  222562.0
3       8.066680            729.0  222563.0
4      15.266838            440.0  222564.0
2024-12-25 23:11:46,816 - INFO - Computing WFIDF scores for topic Credit Rating...
Scoring using WFIDF
2024-12-25 23:27:23,913 - INFO - Saved WFIDF scores for Credit Rating to /scrfs/storage/zichengx/home/Research/TAD/w2v_culture/outputs/scores/WFIDF/Credit Rating/scores_WFIDF_Credit Rating.csv
2024-12-25 23:27:23,917 - INFO - Saved word contributions for Credit Rating to /scrfs/storage/zichengx/home/Research/TAD/w2v_culture/outputs/scores/word_contributions/Credit Rating/word_contribution_WFIDF_Credit Rating.csv
2024-12-25 23:27:23,917 - INFO - Sample of WFIDF scores for Credit Rating (first 5 documents):
2024-12-25 23:27:23,920 - INFO - 
   Credit Rating  document_length    Doc_ID
0       0.000000             88.0  222560.0
1       3.816710            158.0  222561.0
2       3.777200           1263.0  222562.0
3       8.066680            729.0  222563.0
4       9.107793            440.0  222564.0
2024-12-25 23:27:23,920 - INFO - 
Processing topic: Regulation Risk
2024-12-25 23:27:23,921 - INFO - Number of words in Regulation Risk: 20
2024-12-25 23:27:23,921 - INFO - Computing TF scores for topic Regulation Risk...
2024-12-25 23:30:05,357 - INFO - Saved TF scores for Regulation Risk to /scrfs/storage/zichengx/home/Research/TAD/w2v_culture/outputs/scores/TF/Regulation Risk/scores_TF_Regulation Risk.csv
2024-12-25 23:30:05,358 - INFO - Sample of TF scores for Regulation Risk (first 5 documents):
2024-12-25 23:30:05,359 - INFO - 
   Regulation Risk  document_length    Doc_ID
0                0               88  222560.0
1                0              158  222561.0
2                1             1263  222562.0
3                1              729  222563.0
4                0              440  222564.0
2024-12-25 23:30:05,359 - INFO - Computing TFIDF scores for topic Regulation Risk...
Scoring using TFIDF
2024-12-25 23:42:04,605 - INFO - Saved TFIDF scores for Regulation Risk to /scrfs/storage/zichengx/home/Research/TAD/w2v_culture/outputs/scores/TFIDF/Regulation Risk/scores_TFIDF_Regulation Risk.csv
2024-12-25 23:42:04,610 - INFO - Saved word contributions for Regulation Risk to /scrfs/storage/zichengx/home/Research/TAD/w2v_culture/outputs/scores/word_contributions/Regulation Risk/word_contribution_TFIDF_Regulation Risk.csv
2024-12-25 23:42:04,610 - INFO - Sample of TFIDF scores for Regulation Risk (first 5 documents):
2024-12-25 23:42:04,628 - INFO - 
   Regulation Risk  document_length    Doc_ID
0           0.0000             88.0  222560.0
1           0.0000            158.0  222561.0
2           3.7772           1263.0  222562.0
3           3.7772            729.0  222563.0
4           0.0000            440.0  222564.0
2024-12-25 23:42:04,629 - INFO - Computing WFIDF scores for topic Regulation Risk...
Scoring using WFIDF
2024-12-25 23:54:04,630 - INFO - Saved WFIDF scores for Regulation Risk to /scrfs/storage/zichengx/home/Research/TAD/w2v_culture/outputs/scores/WFIDF/Regulation Risk/scores_WFIDF_Regulation Risk.csv
2024-12-25 23:54:04,655 - INFO - Saved word contributions for Regulation Risk to /scrfs/storage/zichengx/home/Research/TAD/w2v_culture/outputs/scores/word_contributions/Regulation Risk/word_contribution_WFIDF_Regulation Risk.csv
2024-12-25 23:54:04,655 - INFO - Sample of WFIDF scores for Regulation Risk (first 5 documents):
2024-12-25 23:54:04,657 - INFO - 
   Regulation Risk  document_length    Doc_ID
0           0.0000             88.0  222560.0
1           0.0000            158.0  222561.0
2           3.7772           1263.0  222562.0
3           3.7772            729.0  222563.0
4           0.0000            440.0  222564.0
2024-12-25 23:54:04,658 - INFO - 
Processing topic: Financing Cost
2024-12-25 23:54:04,658 - INFO - Number of words in Financing Cost: 20
2024-12-25 23:54:04,658 - INFO - Computing TF scores for topic Financing Cost...
2024-12-25 23:56:19,940 - INFO - Saved TF scores for Financing Cost to /scrfs/storage/zichengx/home/Research/TAD/w2v_culture/outputs/scores/TF/Financing Cost/scores_TF_Financing Cost.csv
2024-12-25 23:56:19,940 - INFO - Sample of TF scores for Financing Cost (first 5 documents):
2024-12-25 23:56:19,941 - INFO - 
   Financing Cost  document_length    Doc_ID
0               0               88  222560.0
1               0              158  222561.0
2               1             1263  222562.0
3               1              729  222563.0
4               1              440  222564.0
2024-12-25 23:56:19,941 - INFO - Computing TFIDF scores for topic Financing Cost...
Scoring using TFIDF
2024-12-26 00:08:24,517 - INFO - Saved TFIDF scores for Financing Cost to /scrfs/storage/zichengx/home/Research/TAD/w2v_culture/outputs/scores/TFIDF/Financing Cost/scores_TFIDF_Financing Cost.csv
2024-12-26 00:08:24,521 - INFO - Saved word contributions for Financing Cost to /scrfs/storage/zichengx/home/Research/TAD/w2v_culture/outputs/scores/word_contributions/Financing Cost/word_contribution_TFIDF_Financing Cost.csv
2024-12-26 00:08:24,521 - INFO - Sample of TFIDF scores for Financing Cost (first 5 documents):
2024-12-26 00:08:24,523 - INFO - 
   Financing Cost  document_length    Doc_ID
0        0.000000             88.0  222560.0
1        0.000000            158.0  222561.0
2        3.777200           1263.0  222562.0
3        3.777200            729.0  222563.0
4        3.712017            440.0  222564.0
2024-12-26 00:08:24,524 - INFO - Computing WFIDF scores for topic Financing Cost...
Scoring using WFIDF
2024-12-26 00:20:23,411 - INFO - Saved WFIDF scores for Financing Cost to /scrfs/storage/zichengx/home/Research/TAD/w2v_culture/outputs/scores/WFIDF/Financing Cost/scores_WFIDF_Financing Cost.csv
2024-12-26 00:20:23,414 - INFO - Saved word contributions for Financing Cost to /scrfs/storage/zichengx/home/Research/TAD/w2v_culture/outputs/scores/word_contributions/Financing Cost/word_contribution_WFIDF_Financing Cost.csv
2024-12-26 00:20:23,415 - INFO - Sample of WFIDF scores for Financing Cost (first 5 documents):
2024-12-26 00:20:23,416 - INFO - 
   Financing Cost  document_length    Doc_ID
0        0.000000             88.0  222560.0
1        0.000000            158.0  222561.0
2        3.777200           1263.0  222562.0
3        3.777200            729.0  222563.0
4        3.712017            440.0  222564.0
2024-12-26 00:20:23,417 - INFO - 
Processing topic: Payment (Sales And Marketing)
2024-12-26 00:20:23,417 - INFO - Number of words in Payment (Sales And Marketing): 20
2024-12-26 00:20:23,418 - INFO - Computing TF scores for topic Payment (Sales And Marketing)...
2024-12-26 00:22:58,769 - INFO - Saved TF scores for Payment (Sales And Marketing) to /scrfs/storage/zichengx/home/Research/TAD/w2v_culture/outputs/scores/TF/Payment (Sales And Marketing)/scores_TF_Payment (Sales And Marketing).csv
2024-12-26 00:22:58,770 - INFO - Sample of TF scores for Payment (Sales And Marketing) (first 5 documents):
2024-12-26 00:22:58,771 - INFO - 
   Payment (Sales And Marketing)  document_length    Doc_ID
0                              0               88  222560.0
1                              0              158  222561.0
2                              2             1263  222562.0
3                              0              729  222563.0
4                              0              440  222564.0
2024-12-26 00:22:58,772 - INFO - Computing TFIDF scores for topic Payment (Sales And Marketing)...
Scoring using TFIDF
2024-12-26 00:34:56,523 - INFO - Saved TFIDF scores for Payment (Sales And Marketing) to /scrfs/storage/zichengx/home/Research/TAD/w2v_culture/outputs/scores/TFIDF/Payment (Sales And Marketing)/scores_TFIDF_Payment (Sales And Marketing).csv
2024-12-26 00:34:56,527 - INFO - Saved word contributions for Payment (Sales And Marketing) to /scrfs/storage/zichengx/home/Research/TAD/w2v_culture/outputs/scores/word_contributions/Payment (Sales And Marketing)/word_contribution_TFIDF_Payment (Sales And Marketing).csv
2024-12-26 00:34:56,527 - INFO - Sample of TFIDF scores for Payment (Sales And Marketing) (first 5 documents):
2024-12-26 00:34:56,532 - INFO - 
   Payment (Sales And Marketing)  document_length    Doc_ID
0                       0.000000             88.0  222560.0
1                       0.000000            158.0  222561.0
2                       5.731212           1263.0  222562.0
3                       0.000000            729.0  222563.0
4                       0.000000            440.0  222564.0
2024-12-26 00:34:56,532 - INFO - Computing WFIDF scores for topic Payment (Sales And Marketing)...
Scoring using WFIDF
2024-12-26 00:46:48,239 - INFO - Saved WFIDF scores for Payment (Sales And Marketing) to /scrfs/storage/zichengx/home/Research/TAD/w2v_culture/outputs/scores/WFIDF/Payment (Sales And Marketing)/scores_WFIDF_Payment (Sales And Marketing).csv
2024-12-26 00:46:48,246 - INFO - Saved word contributions for Payment (Sales And Marketing) to /scrfs/storage/zichengx/home/Research/TAD/w2v_culture/outputs/scores/word_contributions/Payment (Sales And Marketing)/word_contribution_WFIDF_Payment (Sales And Marketing).csv
2024-12-26 00:46:48,247 - INFO - Sample of WFIDF scores for Payment (Sales And Marketing) (first 5 documents):
2024-12-26 00:46:48,248 - INFO - 
   Payment (Sales And Marketing)  document_length    Doc_ID
0                       0.000000             88.0  222560.0
1                       0.000000            158.0  222561.0
2                       4.851892           1263.0  222562.0
3                       0.000000            729.0  222563.0
4                       0.000000            440.0  222564.0
2024-12-26 00:46:48,249 - INFO - 
Processing topic: Social Responsibility
2024-12-26 00:46:48,249 - INFO - Number of words in Social Responsibility: 20
2024-12-26 00:46:48,250 - INFO - Computing TF scores for topic Social Responsibility...
2024-12-26 00:49:15,402 - INFO - Saved TF scores for Social Responsibility to /scrfs/storage/zichengx/home/Research/TAD/w2v_culture/outputs/scores/TF/Social Responsibility/scores_TF_Social Responsibility.csv
2024-12-26 00:49:15,402 - INFO - Sample of TF scores for Social Responsibility (first 5 documents):
2024-12-26 00:49:15,404 - INFO - 
   Social Responsibility  document_length    Doc_ID
0                      0               88  222560.0
1                      0              158  222561.0
2                      2             1263  222562.0
3                      0              729  222563.0
4                      0              440  222564.0
2024-12-26 00:49:15,407 - INFO - Computing TFIDF scores for topic Social Responsibility...
Scoring using TFIDF
2024-12-26 01:01:13,966 - INFO - Saved TFIDF scores for Social Responsibility to /scrfs/storage/zichengx/home/Research/TAD/w2v_culture/outputs/scores/TFIDF/Social Responsibility/scores_TFIDF_Social Responsibility.csv
2024-12-26 01:01:13,971 - INFO - Saved word contributions for Social Responsibility to /scrfs/storage/zichengx/home/Research/TAD/w2v_culture/outputs/scores/word_contributions/Social Responsibility/word_contribution_TFIDF_Social Responsibility.csv
2024-12-26 01:01:13,971 - INFO - Sample of TFIDF scores for Social Responsibility (first 5 documents):
2024-12-26 01:01:13,973 - INFO - 
   Social Responsibility  document_length    Doc_ID
0                0.00000             88.0  222560.0
1                0.00000            158.0  222561.0
2               10.93547           1263.0  222562.0
3                0.00000            729.0  222563.0
4                0.00000            440.0  222564.0
2024-12-26 01:01:13,974 - INFO - Computing WFIDF scores for topic Social Responsibility...
Scoring using WFIDF
2024-12-26 01:13:07,822 - INFO - Saved WFIDF scores for Social Responsibility to /scrfs/storage/zichengx/home/Research/TAD/w2v_culture/outputs/scores/WFIDF/Social Responsibility/scores_WFIDF_Social Responsibility.csv
2024-12-26 01:13:07,826 - INFO - Saved word contributions for Social Responsibility to /scrfs/storage/zichengx/home/Research/TAD/w2v_culture/outputs/scores/word_contributions/Social Responsibility/word_contribution_WFIDF_Social Responsibility.csv
2024-12-26 01:13:07,826 - INFO - Sample of WFIDF scores for Social Responsibility (first 5 documents):
2024-12-26 01:13:07,828 - INFO - 
   Social Responsibility  document_length    Doc_ID
0                0.00000             88.0  222560.0
1                0.00000            158.0  222561.0
2               10.93547           1263.0  222562.0
3                0.00000            729.0  222563.0
4                0.00000            440.0  222564.0
2024-12-26 01:13:07,829 - INFO - 
Processing topic: Machinery Outage
2024-12-26 01:13:07,829 - INFO - Number of words in Machinery Outage: 20
2024-12-26 01:13:07,829 - INFO - Computing TF scores for topic Machinery Outage...
2024-12-26 01:15:29,333 - INFO - Saved TF scores for Machinery Outage to /scrfs/storage/zichengx/home/Research/TAD/w2v_culture/outputs/scores/TF/Machinery Outage/scores_TF_Machinery Outage.csv
2024-12-26 01:15:29,333 - INFO - Sample of TF scores for Machinery Outage (first 5 documents):
2024-12-26 01:15:29,335 - INFO - 
   Machinery Outage  document_length    Doc_ID
0                 0               88  222560.0
1                 0              158  222561.0
2                 3             1263  222562.0
3                 1              729  222563.0
4                 0              440  222564.0
2024-12-26 01:15:29,336 - INFO - Computing TFIDF scores for topic Machinery Outage...
Scoring using TFIDF
2024-12-26 01:27:23,160 - INFO - Saved TFIDF scores for Machinery Outage to /scrfs/storage/zichengx/home/Research/TAD/w2v_culture/outputs/scores/TFIDF/Machinery Outage/scores_TFIDF_Machinery Outage.csv
2024-12-26 01:27:23,164 - INFO - Saved word contributions for Machinery Outage to /scrfs/storage/zichengx/home/Research/TAD/w2v_culture/outputs/scores/word_contributions/Machinery Outage/word_contribution_TFIDF_Machinery Outage.csv
2024-12-26 01:27:23,165 - INFO - Sample of TFIDF scores for Machinery Outage (first 5 documents):
2024-12-26 01:27:23,167 - INFO - 
   Machinery Outage  document_length    Doc_ID
0          0.000000             88.0  222560.0
1          0.000000            158.0  222561.0
2         15.176047           1263.0  222562.0
3          3.616642            729.0  222563.0
4          0.000000            440.0  222564.0
2024-12-26 01:27:23,167 - INFO - Computing WFIDF scores for topic Machinery Outage...
Scoring using WFIDF
2024-12-26 01:39:11,831 - INFO - Saved WFIDF scores for Machinery Outage to /scrfs/storage/zichengx/home/Research/TAD/w2v_culture/outputs/scores/WFIDF/Machinery Outage/scores_WFIDF_Machinery Outage.csv
2024-12-26 01:39:11,835 - INFO - Saved word contributions for Machinery Outage to /scrfs/storage/zichengx/home/Research/TAD/w2v_culture/outputs/scores/word_contributions/Machinery Outage/word_contribution_WFIDF_Machinery Outage.csv
2024-12-26 01:39:11,836 - INFO - Sample of WFIDF scores for Machinery Outage (first 5 documents):
2024-12-26 01:39:11,841 - INFO - 
   Machinery Outage  document_length    Doc_ID
0          0.000000             88.0  222560.0
1          0.000000            158.0  222561.0
2         15.176047           1263.0  222562.0
3          3.616642            729.0  222563.0
4          0.000000            440.0  222564.0
2024-12-26 01:39:11,841 - INFO - 
Processing topic: Compensation
2024-12-26 01:39:11,842 - INFO - Number of words in Compensation: 20
2024-12-26 01:39:11,842 - INFO - Computing TF scores for topic Compensation...
2024-12-26 01:41:25,516 - INFO - Saved TF scores for Compensation to /scrfs/storage/zichengx/home/Research/TAD/w2v_culture/outputs/scores/TF/Compensation/scores_TF_Compensation.csv
2024-12-26 01:41:25,516 - INFO - Sample of TF scores for Compensation (first 5 documents):
2024-12-26 01:41:25,518 - INFO - 
   Compensation  document_length    Doc_ID
0             1               88  222560.0
1             2              158  222561.0
2            27             1263  222562.0
3            23              729  222563.0
4            10              440  222564.0
2024-12-26 01:41:25,518 - INFO - Computing TFIDF scores for topic Compensation...
Scoring using TFIDF
2024-12-26 01:53:28,785 - INFO - Saved TFIDF scores for Compensation to /scrfs/storage/zichengx/home/Research/TAD/w2v_culture/outputs/scores/TFIDF/Compensation/scores_TFIDF_Compensation.csv
2024-12-26 01:53:28,789 - INFO - Saved word contributions for Compensation to /scrfs/storage/zichengx/home/Research/TAD/w2v_culture/outputs/scores/word_contributions/Compensation/word_contribution_TFIDF_Compensation.csv
2024-12-26 01:53:28,790 - INFO - Sample of TFIDF scores for Compensation (first 5 documents):
2024-12-26 01:53:28,791 - INFO - 
   Compensation  document_length    Doc_ID
0      2.171058             88.0  222560.0
1      4.342115            158.0  222561.0
2     66.539612           1263.0  222562.0
3     50.918709            729.0  222563.0
4     21.710577            440.0  222564.0
2024-12-26 01:53:28,792 - INFO - Computing WFIDF scores for topic Compensation...
Scoring using WFIDF
2024-12-26 02:05:34,136 - INFO - Saved WFIDF scores for Compensation to /scrfs/storage/zichengx/home/Research/TAD/w2v_culture/outputs/scores/WFIDF/Compensation/scores_WFIDF_Compensation.csv
2024-12-26 02:05:34,140 - INFO - Saved word contributions for Compensation to /scrfs/storage/zichengx/home/Research/TAD/w2v_culture/outputs/scores/word_contributions/Compensation/word_contribution_WFIDF_Compensation.csv
2024-12-26 02:05:34,140 - INFO - Sample of WFIDF scores for Compensation (first 5 documents):
2024-12-26 02:05:34,142 - INFO - 
   Compensation  document_length    Doc_ID
0      2.171058             88.0  222560.0
1      3.675920            158.0  222561.0
2     25.766092           1263.0  222562.0
3     12.037328            729.0  222563.0
4      7.170103            440.0  222564.0
2024-12-26 02:05:34,143 - INFO - 
Processing topic: Diluted Shares
2024-12-26 02:05:34,143 - INFO - Number of words in Diluted Shares: 20
2024-12-26 02:05:34,143 - INFO - Computing TF scores for topic Diluted Shares...
2024-12-26 02:07:50,170 - INFO - Saved TF scores for Diluted Shares to /scrfs/storage/zichengx/home/Research/TAD/w2v_culture/outputs/scores/TF/Diluted Shares/scores_TF_Diluted Shares.csv
2024-12-26 02:07:50,170 - INFO - Sample of TF scores for Diluted Shares (first 5 documents):
2024-12-26 02:07:50,171 - INFO - 
   Diluted Shares  document_length    Doc_ID
0               0               88  222560.0
1               0              158  222561.0
2               2             1263  222562.0
3               0              729  222563.0
4               1              440  222564.0
2024-12-26 02:07:50,173 - INFO - Computing TFIDF scores for topic Diluted Shares...
Scoring using TFIDF
2024-12-26 02:19:42,298 - INFO - Saved TFIDF scores for Diluted Shares to /scrfs/storage/zichengx/home/Research/TAD/w2v_culture/outputs/scores/TFIDF/Diluted Shares/scores_TFIDF_Diluted Shares.csv
2024-12-26 02:19:42,303 - INFO - Saved word contributions for Diluted Shares to /scrfs/storage/zichengx/home/Research/TAD/w2v_culture/outputs/scores/word_contributions/Diluted Shares/word_contribution_TFIDF_Diluted Shares.csv
2024-12-26 02:19:42,303 - INFO - Sample of TFIDF scores for Diluted Shares (first 5 documents):
2024-12-26 02:19:42,309 - INFO - 
   Diluted Shares  document_length    Doc_ID
0        0.000000             88.0  222560.0
1        0.000000            158.0  222561.0
2        6.096614           1263.0  222562.0
3        0.000000            729.0  222563.0
4        3.712017            440.0  222564.0
2024-12-26 02:19:42,310 - INFO - Computing WFIDF scores for topic Diluted Shares...
Scoring using WFIDF
2024-12-26 02:31:35,435 - INFO - Saved WFIDF scores for Diluted Shares to /scrfs/storage/zichengx/home/Research/TAD/w2v_culture/outputs/scores/WFIDF/Diluted Shares/scores_WFIDF_Diluted Shares.csv
2024-12-26 02:31:35,439 - INFO - Saved word contributions for Diluted Shares to /scrfs/storage/zichengx/home/Research/TAD/w2v_culture/outputs/scores/word_contributions/Diluted Shares/word_contribution_WFIDF_Diluted Shares.csv
2024-12-26 02:31:35,439 - INFO - Sample of WFIDF scores for Diluted Shares (first 5 documents):
2024-12-26 02:31:35,441 - INFO - 
   Diluted Shares  document_length    Doc_ID
0        0.000000             88.0  222560.0
1        0.000000            158.0  222561.0
2        5.161232           1263.0  222562.0
3        0.000000            729.0  222563.0
4        3.712017            440.0  222564.0
2024-12-26 02:31:35,441 - INFO - 
Processing topic: Merger & Acquisition
2024-12-26 02:31:35,441 - INFO - Number of words in Merger & Acquisition: 19
2024-12-26 02:31:35,442 - INFO - Computing TF scores for topic Merger & Acquisition...
2024-12-26 02:33:48,610 - INFO - Saved TF scores for Merger & Acquisition to /scrfs/storage/zichengx/home/Research/TAD/w2v_culture/outputs/scores/TF/Merger & Acquisition/scores_TF_Merger & Acquisition.csv
2024-12-26 02:33:48,611 - INFO - Sample of TF scores for Merger & Acquisition (first 5 documents):
2024-12-26 02:33:48,612 - INFO - 
   Merger & Acquisition  document_length    Doc_ID
0                     0               88  222560.0
1                     1              158  222561.0
2                    13             1263  222562.0
3                    15              729  222563.0
4                     1              440  222564.0
2024-12-26 02:33:48,613 - INFO - Computing TFIDF scores for topic Merger & Acquisition...
Scoring using TFIDF
2024-12-26 02:45:42,929 - INFO - Saved TFIDF scores for Merger & Acquisition to /scrfs/storage/zichengx/home/Research/TAD/w2v_culture/outputs/scores/TFIDF/Merger & Acquisition/scores_TFIDF_Merger & Acquisition.csv
2024-12-26 02:45:42,932 - INFO - Saved word contributions for Merger & Acquisition to /scrfs/storage/zichengx/home/Research/TAD/w2v_culture/outputs/scores/word_contributions/Merger & Acquisition/word_contribution_TFIDF_Merger & Acquisition.csv
2024-12-26 02:45:42,932 - INFO - Sample of TFIDF scores for Merger & Acquisition (first 5 documents):
2024-12-26 02:45:42,934 - INFO - 
   Merger & Acquisition  document_length    Doc_ID
0              0.000000             88.0  222560.0
1              3.206225            158.0  222561.0
2             39.419344           1263.0  222562.0
3             40.477103            729.0  222563.0
4              5.616123            440.0  222564.0
2024-12-26 02:45:42,935 - INFO - Computing WFIDF scores for topic Merger & Acquisition...
Scoring using WFIDF
2024-12-26 02:57:34,878 - INFO - Saved WFIDF scores for Merger & Acquisition to /scrfs/storage/zichengx/home/Research/TAD/w2v_culture/outputs/scores/WFIDF/Merger & Acquisition/scores_WFIDF_Merger & Acquisition.csv
2024-12-26 02:57:34,883 - INFO - Saved word contributions for Merger & Acquisition to /scrfs/storage/zichengx/home/Research/TAD/w2v_culture/outputs/scores/word_contributions/Merger & Acquisition/word_contribution_WFIDF_Merger & Acquisition.csv
2024-12-26 02:57:34,884 - INFO - Sample of WFIDF scores for Merger & Acquisition (first 5 documents):
2024-12-26 02:57:34,893 - INFO - 
   Merger & Acquisition  document_length    Doc_ID
0              0.000000             88.0  222560.0
1              3.206225            158.0  222561.0
2             31.156441           1263.0  222562.0
3             22.555643            729.0  222563.0
4              5.616123            440.0  222564.0
2024-12-26 02:57:34,895 - INFO - 
Processing topic: Political Risk
2024-12-26 02:57:34,896 - INFO - Number of words in Political Risk: 20
2024-12-26 02:57:34,897 - INFO - Computing TF scores for topic Political Risk...
2024-12-26 03:00:10,048 - INFO - Saved TF scores for Political Risk to /scrfs/storage/zichengx/home/Research/TAD/w2v_culture/outputs/scores/TF/Political Risk/scores_TF_Political Risk.csv
2024-12-26 03:00:10,049 - INFO - Sample of TF scores for Political Risk (first 5 documents):
2024-12-26 03:00:10,050 - INFO - 
   Political Risk  document_length    Doc_ID
0               0               88  222560.0
1               0              158  222561.0
2               1             1263  222562.0
3               0              729  222563.0
4               0              440  222564.0
2024-12-26 03:00:10,051 - INFO - Computing TFIDF scores for topic Political Risk...
Scoring using TFIDF
2024-12-26 03:11:59,399 - INFO - Saved TFIDF scores for Political Risk to /scrfs/storage/zichengx/home/Research/TAD/w2v_culture/outputs/scores/TFIDF/Political Risk/scores_TFIDF_Political Risk.csv
2024-12-26 03:11:59,403 - INFO - Saved word contributions for Political Risk to /scrfs/storage/zichengx/home/Research/TAD/w2v_culture/outputs/scores/word_contributions/Political Risk/word_contribution_TFIDF_Political Risk.csv
2024-12-26 03:11:59,403 - INFO - Sample of TFIDF scores for Political Risk (first 5 documents):
2024-12-26 03:11:59,405 - INFO - 
   Political Risk  document_length    Doc_ID
0        0.000000             88.0  222560.0
1        0.000000            158.0  222561.0
2        4.860787           1263.0  222562.0
3        0.000000            729.0  222563.0
4        0.000000            440.0  222564.0
2024-12-26 03:11:59,405 - INFO - Computing WFIDF scores for topic Political Risk...
Scoring using WFIDF
2024-12-26 03:23:55,036 - INFO - Saved WFIDF scores for Political Risk to /scrfs/storage/zichengx/home/Research/TAD/w2v_culture/outputs/scores/WFIDF/Political Risk/scores_WFIDF_Political Risk.csv
2024-12-26 03:23:55,045 - INFO - Saved word contributions for Political Risk to /scrfs/storage/zichengx/home/Research/TAD/w2v_culture/outputs/scores/word_contributions/Political Risk/word_contribution_WFIDF_Political Risk.csv
2024-12-26 03:23:55,045 - INFO - Sample of WFIDF scores for Political Risk (first 5 documents):
2024-12-26 03:23:55,056 - INFO - 
   Political Risk  document_length    Doc_ID
0        0.000000             88.0  222560.0
1        0.000000            158.0  222561.0
2        4.860787           1263.0  222562.0
3        0.000000            729.0  222563.0
4        0.000000            440.0  222564.0
2024-12-26 03:23:55,057 - INFO - 
Processing topic: Expiration
2024-12-26 03:23:55,058 - INFO - Number of words in Expiration: 20
2024-12-26 03:23:55,071 - INFO - Computing TF scores for topic Expiration...
2024-12-26 03:26:12,362 - INFO - Saved TF scores for Expiration to /scrfs/storage/zichengx/home/Research/TAD/w2v_culture/outputs/scores/TF/Expiration/scores_TF_Expiration.csv
2024-12-26 03:26:12,363 - INFO - Sample of TF scores for Expiration (first 5 documents):
2024-12-26 03:26:12,364 - INFO - 
   Expiration  document_length    Doc_ID
0           0               88  222560.0
1           0              158  222561.0
2           0             1263  222562.0
3           0              729  222563.0
4           1              440  222564.0
2024-12-26 03:26:12,364 - INFO - Computing TFIDF scores for topic Expiration...
Scoring using TFIDF
2024-12-26 03:38:11,892 - INFO - Saved TFIDF scores for Expiration to /scrfs/storage/zichengx/home/Research/TAD/w2v_culture/outputs/scores/TFIDF/Expiration/scores_TFIDF_Expiration.csv
2024-12-26 03:38:11,896 - INFO - Saved word contributions for Expiration to /scrfs/storage/zichengx/home/Research/TAD/w2v_culture/outputs/scores/word_contributions/Expiration/word_contribution_TFIDF_Expiration.csv
2024-12-26 03:38:11,896 - INFO - Sample of TFIDF scores for Expiration (first 5 documents):
2024-12-26 03:38:11,898 - INFO - 
   Expiration  document_length    Doc_ID
0    0.000000             88.0  222560.0
1    0.000000            158.0  222561.0
2    0.000000           1263.0  222562.0
3    0.000000            729.0  222563.0
4    5.458103            440.0  222564.0
2024-12-26 03:38:11,899 - INFO - Computing WFIDF scores for topic Expiration...
Scoring using WFIDF
2024-12-26 03:50:08,205 - INFO - Saved WFIDF scores for Expiration to /scrfs/storage/zichengx/home/Research/TAD/w2v_culture/outputs/scores/WFIDF/Expiration/scores_WFIDF_Expiration.csv
2024-12-26 03:50:08,209 - INFO - Saved word contributions for Expiration to /scrfs/storage/zichengx/home/Research/TAD/w2v_culture/outputs/scores/word_contributions/Expiration/word_contribution_WFIDF_Expiration.csv
2024-12-26 03:50:08,209 - INFO - Sample of WFIDF scores for Expiration (first 5 documents):
2024-12-26 03:50:08,211 - INFO - 
   Expiration  document_length    Doc_ID
0    0.000000             88.0  222560.0
1    0.000000            158.0  222561.0
2    0.000000           1263.0  222562.0
3    0.000000            729.0  222563.0
4    5.458103            440.0  222564.0
2024-12-26 03:50:08,211 - INFO - 
Processing topic: Loan Covenant
2024-12-26 03:50:08,211 - INFO - Number of words in Loan Covenant: 20
2024-12-26 03:50:08,212 - INFO - Computing TF scores for topic Loan Covenant...
2024-12-26 03:52:42,849 - INFO - Saved TF scores for Loan Covenant to /scrfs/storage/zichengx/home/Research/TAD/w2v_culture/outputs/scores/TF/Loan Covenant/scores_TF_Loan Covenant.csv
2024-12-26 03:52:42,849 - INFO - Sample of TF scores for Loan Covenant (first 5 documents):
2024-12-26 03:52:42,851 - INFO - 
   Loan Covenant  document_length    Doc_ID
0              0               88  222560.0
1              0              158  222561.0
2              2             1263  222562.0
3              0              729  222563.0
4              0              440  222564.0
2024-12-26 03:52:42,851 - INFO - Computing TFIDF scores for topic Loan Covenant...
Scoring using TFIDF
2024-12-26 04:04:39,797 - INFO - Saved TFIDF scores for Loan Covenant to /scrfs/storage/zichengx/home/Research/TAD/w2v_culture/outputs/scores/TFIDF/Loan Covenant/scores_TFIDF_Loan Covenant.csv
2024-12-26 04:04:39,801 - INFO - Saved word contributions for Loan Covenant to /scrfs/storage/zichengx/home/Research/TAD/w2v_culture/outputs/scores/word_contributions/Loan Covenant/word_contribution_TFIDF_Loan Covenant.csv
2024-12-26 04:04:39,802 - INFO - Sample of TFIDF scores for Loan Covenant (first 5 documents):
2024-12-26 04:04:39,805 - INFO - 
   Loan Covenant  document_length    Doc_ID
0       0.000000             88.0  222560.0
1       0.000000            158.0  222561.0
2       9.203109           1263.0  222562.0
3       0.000000            729.0  222563.0
4       0.000000            440.0  222564.0
2024-12-26 04:04:39,806 - INFO - Computing WFIDF scores for topic Loan Covenant...
Scoring using WFIDF
2024-12-26 04:16:29,457 - INFO - Saved WFIDF scores for Loan Covenant to /scrfs/storage/zichengx/home/Research/TAD/w2v_culture/outputs/scores/WFIDF/Loan Covenant/scores_WFIDF_Loan Covenant.csv
2024-12-26 04:16:29,460 - INFO - Saved word contributions for Loan Covenant to /scrfs/storage/zichengx/home/Research/TAD/w2v_culture/outputs/scores/word_contributions/Loan Covenant/word_contribution_WFIDF_Loan Covenant.csv
2024-12-26 04:16:29,461 - INFO - Sample of WFIDF scores for Loan Covenant (first 5 documents):
2024-12-26 04:16:29,462 - INFO - 
   Loan Covenant  document_length    Doc_ID
0       0.000000             88.0  222560.0
1       0.000000            158.0  222561.0
2       7.791109           1263.0  222562.0
3       0.000000            729.0  222563.0
4       0.000000            440.0  222564.0
2024-12-26 04:16:29,463 - INFO - 
Processing topic: Sales Force Productivity
2024-12-26 04:16:29,463 - INFO - Number of words in Sales Force Productivity: 20
2024-12-26 04:16:29,464 - INFO - Computing TF scores for topic Sales Force Productivity...
2024-12-26 04:19:07,951 - INFO - Saved TF scores for Sales Force Productivity to /scrfs/storage/zichengx/home/Research/TAD/w2v_culture/outputs/scores/TF/Sales Force Productivity/scores_TF_Sales Force Productivity.csv
2024-12-26 04:19:07,952 - INFO - Sample of TF scores for Sales Force Productivity (first 5 documents):
2024-12-26 04:19:07,953 - INFO - 
   Sales Force Productivity  document_length    Doc_ID
0                         0               88  222560.0
1                         0              158  222561.0
2                         1             1263  222562.0
3                         0              729  222563.0
4                         0              440  222564.0
2024-12-26 04:19:07,953 - INFO - Computing TFIDF scores for topic Sales Force Productivity...
Scoring using TFIDF
2024-12-26 04:31:09,962 - INFO - Saved TFIDF scores for Sales Force Productivity to /scrfs/storage/zichengx/home/Research/TAD/w2v_culture/outputs/scores/TFIDF/Sales Force Productivity/scores_TFIDF_Sales Force Productivity.csv
2024-12-26 04:31:09,966 - INFO - Saved word contributions for Sales Force Productivity to /scrfs/storage/zichengx/home/Research/TAD/w2v_culture/outputs/scores/word_contributions/Sales Force Productivity/word_contribution_TFIDF_Sales Force Productivity.csv
2024-12-26 04:31:09,966 - INFO - Sample of TFIDF scores for Sales Force Productivity (first 5 documents):
2024-12-26 04:31:09,968 - INFO - 
   Sales Force Productivity  document_length    Doc_ID
0                  0.000000             88.0  222560.0
1                  0.000000            158.0  222561.0
2                  3.333142           1263.0  222562.0
3                  0.000000            729.0  222563.0
4                  0.000000            440.0  222564.0
2024-12-26 04:31:09,969 - INFO - Computing WFIDF scores for topic Sales Force Productivity...
Scoring using WFIDF
2024-12-26 04:43:14,695 - INFO - Saved WFIDF scores for Sales Force Productivity to /scrfs/storage/zichengx/home/Research/TAD/w2v_culture/outputs/scores/WFIDF/Sales Force Productivity/scores_WFIDF_Sales Force Productivity.csv
2024-12-26 04:43:14,728 - INFO - Saved word contributions for Sales Force Productivity to /scrfs/storage/zichengx/home/Research/TAD/w2v_culture/outputs/scores/word_contributions/Sales Force Productivity/word_contribution_WFIDF_Sales Force Productivity.csv
2024-12-26 04:43:14,728 - INFO - Sample of WFIDF scores for Sales Force Productivity (first 5 documents):
2024-12-26 04:43:14,740 - INFO - 
   Sales Force Productivity  document_length    Doc_ID
0                  0.000000             88.0  222560.0
1                  0.000000            158.0  222561.0
2                  3.333142           1263.0  222562.0
3                  0.000000            729.0  222563.0
4                  0.000000            440.0  222564.0
2024-12-26 04:43:14,741 - INFO - 
Processing topic: Employee Engagement
2024-12-26 04:43:14,741 - INFO - Number of words in Employee Engagement: 20
2024-12-26 04:43:14,757 - INFO - Computing TF scores for topic Employee Engagement...
2024-12-26 04:46:01,709 - INFO - Saved TF scores for Employee Engagement to /scrfs/storage/zichengx/home/Research/TAD/w2v_culture/outputs/scores/TF/Employee Engagement/scores_TF_Employee Engagement.csv
2024-12-26 04:46:01,710 - INFO - Sample of TF scores for Employee Engagement (first 5 documents):
2024-12-26 04:46:01,712 - INFO - 
   Employee Engagement  document_length    Doc_ID
0                    0               88  222560.0
1                    0              158  222561.0
2                    3             1263  222562.0
3                    1              729  222563.0
4                    0              440  222564.0
2024-12-26 04:46:01,719 - INFO - Computing TFIDF scores for topic Employee Engagement...
Scoring using TFIDF
2024-12-26 04:58:01,806 - INFO - Saved TFIDF scores for Employee Engagement to /scrfs/storage/zichengx/home/Research/TAD/w2v_culture/outputs/scores/TFIDF/Employee Engagement/scores_TFIDF_Employee Engagement.csv
2024-12-26 04:58:01,810 - INFO - Saved word contributions for Employee Engagement to /scrfs/storage/zichengx/home/Research/TAD/w2v_culture/outputs/scores/word_contributions/Employee Engagement/word_contribution_TFIDF_Employee Engagement.csv
2024-12-26 04:58:01,810 - INFO - Sample of TFIDF scores for Employee Engagement (first 5 documents):
2024-12-26 04:58:01,812 - INFO - 
   Employee Engagement  document_length    Doc_ID
0             0.000000             88.0  222560.0
1             0.000000            158.0  222561.0
2            15.026892           1263.0  222562.0
3             4.484035            729.0  222563.0
4             0.000000            440.0  222564.0
2024-12-26 04:58:01,812 - INFO - Computing WFIDF scores for topic Employee Engagement...
Scoring using WFIDF
2024-12-26 05:09:57,578 - INFO - Saved WFIDF scores for Employee Engagement to /scrfs/storage/zichengx/home/Research/TAD/w2v_culture/outputs/scores/WFIDF/Employee Engagement/scores_WFIDF_Employee Engagement.csv
2024-12-26 05:09:57,582 - INFO - Saved word contributions for Employee Engagement to /scrfs/storage/zichengx/home/Research/TAD/w2v_culture/outputs/scores/word_contributions/Employee Engagement/word_contribution_WFIDF_Employee Engagement.csv
2024-12-26 05:09:57,582 - INFO - Sample of WFIDF scores for Employee Engagement (first 5 documents):
2024-12-26 05:09:57,585 - INFO - 
   Employee Engagement  document_length    Doc_ID
0             0.000000             88.0  222560.0
1             0.000000            158.0  222561.0
2            15.026892           1263.0  222562.0
3             4.484035            729.0  222563.0
4             0.000000            440.0  222564.0
2024-12-26 05:09:57,586 - INFO - 
Processing topic: Liquidity Risk
2024-12-26 05:09:57,586 - INFO - Number of words in Liquidity Risk: 20
2024-12-26 05:09:57,587 - INFO - Computing TF scores for topic Liquidity Risk...
2024-12-26 05:12:20,944 - INFO - Saved TF scores for Liquidity Risk to /scrfs/storage/zichengx/home/Research/TAD/w2v_culture/outputs/scores/TF/Liquidity Risk/scores_TF_Liquidity Risk.csv
2024-12-26 05:12:20,944 - INFO - Sample of TF scores for Liquidity Risk (first 5 documents):
2024-12-26 05:12:20,945 - INFO - 
   Liquidity Risk  document_length    Doc_ID
0               0               88  222560.0
1               0              158  222561.0
2               5             1263  222562.0
3               0              729  222563.0
4               0              440  222564.0
2024-12-26 05:12:20,946 - INFO - Computing TFIDF scores for topic Liquidity Risk...
Scoring using TFIDF
2024-12-26 05:24:25,586 - INFO - Saved TFIDF scores for Liquidity Risk to /scrfs/storage/zichengx/home/Research/TAD/w2v_culture/outputs/scores/TFIDF/Liquidity Risk/scores_TFIDF_Liquidity Risk.csv
2024-12-26 05:24:25,590 - INFO - Saved word contributions for Liquidity Risk to /scrfs/storage/zichengx/home/Research/TAD/w2v_culture/outputs/scores/word_contributions/Liquidity Risk/word_contribution_TFIDF_Liquidity Risk.csv
2024-12-26 05:24:25,590 - INFO - Sample of TFIDF scores for Liquidity Risk (first 5 documents):
2024-12-26 05:24:25,592 - INFO - 
   Liquidity Risk  document_length    Doc_ID
0        0.000000             88.0  222560.0
1        0.000000            158.0  222561.0
2       12.043881           1263.0  222562.0
3        0.000000            729.0  222563.0
4        0.000000            440.0  222564.0
2024-12-26 05:24:25,593 - INFO - Computing WFIDF scores for topic Liquidity Risk...
Scoring using WFIDF
2024-12-26 05:36:25,027 - INFO - Saved WFIDF scores for Liquidity Risk to /scrfs/storage/zichengx/home/Research/TAD/w2v_culture/outputs/scores/WFIDF/Liquidity Risk/scores_WFIDF_Liquidity Risk.csv
2024-12-26 05:36:25,031 - INFO - Saved word contributions for Liquidity Risk to /scrfs/storage/zichengx/home/Research/TAD/w2v_culture/outputs/scores/word_contributions/Liquidity Risk/word_contribution_WFIDF_Liquidity Risk.csv
2024-12-26 05:36:25,031 - INFO - Sample of WFIDF scores for Liquidity Risk (first 5 documents):
2024-12-26 05:36:25,043 - INFO - 
   Liquidity Risk  document_length    Doc_ID
0        0.000000             88.0  222560.0
1        0.000000            158.0  222561.0
2        6.285552           1263.0  222562.0
3        0.000000            729.0  222563.0
4        0.000000            440.0  222564.0
2024-12-26 05:36:25,044 - INFO - 
Processing topic: Warrant Exercise
2024-12-26 05:36:25,045 - INFO - Number of words in Warrant Exercise: 20
2024-12-26 05:36:25,046 - INFO - Computing TF scores for topic Warrant Exercise...
2024-12-26 05:38:39,073 - INFO - Saved TF scores for Warrant Exercise to /scrfs/storage/zichengx/home/Research/TAD/w2v_culture/outputs/scores/TF/Warrant Exercise/scores_TF_Warrant Exercise.csv
2024-12-26 05:38:39,073 - INFO - Sample of TF scores for Warrant Exercise (first 5 documents):
2024-12-26 05:38:39,074 - INFO - 
   Warrant Exercise  document_length    Doc_ID
0                 0               88  222560.0
1                 0              158  222561.0
2                 5             1263  222562.0
3                 0              729  222563.0
4                 0              440  222564.0
2024-12-26 05:38:39,078 - INFO - Computing TFIDF scores for topic Warrant Exercise...
Scoring using TFIDF
2024-12-26 05:50:37,705 - INFO - Saved TFIDF scores for Warrant Exercise to /scrfs/storage/zichengx/home/Research/TAD/w2v_culture/outputs/scores/TFIDF/Warrant Exercise/scores_TFIDF_Warrant Exercise.csv
2024-12-26 05:50:37,709 - INFO - Saved word contributions for Warrant Exercise to /scrfs/storage/zichengx/home/Research/TAD/w2v_culture/outputs/scores/word_contributions/Warrant Exercise/word_contribution_TFIDF_Warrant Exercise.csv
2024-12-26 05:50:37,709 - INFO - Sample of TFIDF scores for Warrant Exercise (first 5 documents):
2024-12-26 05:50:37,711 - INFO - 
   Warrant Exercise  document_length    Doc_ID
0          0.000000             88.0  222560.0
1          0.000000            158.0  222561.0
2         17.040441           1263.0  222562.0
3          0.000000            729.0  222563.0
4          0.000000            440.0  222564.0
2024-12-26 05:50:37,711 - INFO - Computing WFIDF scores for topic Warrant Exercise...
Scoring using WFIDF
2024-12-26 06:02:38,515 - INFO - Saved WFIDF scores for Warrant Exercise to /scrfs/storage/zichengx/home/Research/TAD/w2v_culture/outputs/scores/WFIDF/Warrant Exercise/scores_WFIDF_Warrant Exercise.csv
2024-12-26 06:02:38,551 - INFO - Saved word contributions for Warrant Exercise to /scrfs/storage/zichengx/home/Research/TAD/w2v_culture/outputs/scores/word_contributions/Warrant Exercise/word_contribution_WFIDF_Warrant Exercise.csv
2024-12-26 06:02:38,551 - INFO - Sample of WFIDF scores for Warrant Exercise (first 5 documents):
2024-12-26 06:02:38,583 - INFO - 
   Warrant Exercise  document_length    Doc_ID
0          0.000000             88.0  222560.0
1          0.000000            158.0  222561.0
2         15.101077           1263.0  222562.0
3          0.000000            729.0  222563.0
4          0.000000            440.0  222564.0
2024-12-26 06:02:38,584 - INFO - 
Processing topic: Option Exercise
2024-12-26 06:02:38,585 - INFO - Number of words in Option Exercise: 20
2024-12-26 06:02:38,608 - INFO - Computing TF scores for topic Option Exercise...
2024-12-26 06:04:55,486 - INFO - Saved TF scores for Option Exercise to /scrfs/storage/zichengx/home/Research/TAD/w2v_culture/outputs/scores/TF/Option Exercise/scores_TF_Option Exercise.csv
2024-12-26 06:04:55,486 - INFO - Sample of TF scores for Option Exercise (first 5 documents):
2024-12-26 06:04:55,487 - INFO - 
   Option Exercise  document_length    Doc_ID
0                0               88  222560.0
1                0              158  222561.0
2                1             1263  222562.0
3                0              729  222563.0
4                1              440  222564.0
2024-12-26 06:04:55,488 - INFO - Computing TFIDF scores for topic Option Exercise...
Scoring using TFIDF
2024-12-26 06:16:50,245 - INFO - Saved TFIDF scores for Option Exercise to /scrfs/storage/zichengx/home/Research/TAD/w2v_culture/outputs/scores/TFIDF/Option Exercise/scores_TFIDF_Option Exercise.csv
2024-12-26 06:16:50,250 - INFO - Saved word contributions for Option Exercise to /scrfs/storage/zichengx/home/Research/TAD/w2v_culture/outputs/scores/word_contributions/Option Exercise/word_contribution_TFIDF_Option Exercise.csv
2024-12-26 06:16:50,250 - INFO - Sample of TFIDF scores for Option Exercise (first 5 documents):
2024-12-26 06:16:50,253 - INFO - 
   Option Exercise  document_length    Doc_ID
0         0.000000             88.0  222560.0
1         0.000000            158.0  222561.0
2         4.871694           1263.0  222562.0
3         0.000000            729.0  222563.0
4         5.458103            440.0  222564.0
2024-12-26 06:16:50,253 - INFO - Computing WFIDF scores for topic Option Exercise...
Scoring using WFIDF
2024-12-26 06:28:44,801 - INFO - Saved WFIDF scores for Option Exercise to /scrfs/storage/zichengx/home/Research/TAD/w2v_culture/outputs/scores/WFIDF/Option Exercise/scores_WFIDF_Option Exercise.csv
2024-12-26 06:28:44,804 - INFO - Saved word contributions for Option Exercise to /scrfs/storage/zichengx/home/Research/TAD/w2v_culture/outputs/scores/word_contributions/Option Exercise/word_contribution_WFIDF_Option Exercise.csv
2024-12-26 06:28:44,804 - INFO - Sample of WFIDF scores for Option Exercise (first 5 documents):
2024-12-26 06:28:44,806 - INFO - 
   Option Exercise  document_length    Doc_ID
0         0.000000             88.0  222560.0
1         0.000000            158.0  222561.0
2         4.871694           1263.0  222562.0
3         0.000000            729.0  222563.0
4         5.458103            440.0  222564.0
2024-12-26 06:28:44,807 - INFO - 
Processing topic: IT Infrastructure Investment
2024-12-26 06:28:44,807 - INFO - Number of words in IT Infrastructure Investment: 20
2024-12-26 06:28:44,807 - INFO - Computing TF scores for topic IT Infrastructure Investment...
2024-12-26 06:31:00,460 - INFO - Saved TF scores for IT Infrastructure Investment to /scrfs/storage/zichengx/home/Research/TAD/w2v_culture/outputs/scores/TF/IT Infrastructure Investment/scores_TF_IT Infrastructure Investment.csv
2024-12-26 06:31:00,461 - INFO - Sample of TF scores for IT Infrastructure Investment (first 5 documents):
2024-12-26 06:31:00,462 - INFO - 
   IT Infrastructure Investment  document_length    Doc_ID
0                             0               88  222560.0
1                             0              158  222561.0
2                             1             1263  222562.0
3                             0              729  222563.0
4                             0              440  222564.0
2024-12-26 06:31:00,463 - INFO - Computing TFIDF scores for topic IT Infrastructure Investment...
Scoring using TFIDF
2024-12-26 06:42:54,733 - INFO - Saved TFIDF scores for IT Infrastructure Investment to /scrfs/storage/zichengx/home/Research/TAD/w2v_culture/outputs/scores/TFIDF/IT Infrastructure Investment/scores_TFIDF_IT Infrastructure Investment.csv
2024-12-26 06:42:54,741 - INFO - Saved word contributions for IT Infrastructure Investment to /scrfs/storage/zichengx/home/Research/TAD/w2v_culture/outputs/scores/word_contributions/IT Infrastructure Investment/word_contribution_TFIDF_IT Infrastructure Investment.csv
2024-12-26 06:42:54,741 - INFO - Sample of TFIDF scores for IT Infrastructure Investment (first 5 documents):
2024-12-26 06:42:54,744 - INFO - 
   IT Infrastructure Investment  document_length    Doc_ID
0                      0.000000             88.0  222560.0
1                      0.000000            158.0  222561.0
2                      6.573663           1263.0  222562.0
3                      0.000000            729.0  222563.0
4                      0.000000            440.0  222564.0
2024-12-26 06:42:54,744 - INFO - Computing WFIDF scores for topic IT Infrastructure Investment...
Scoring using WFIDF
2024-12-26 06:54:45,369 - INFO - Saved WFIDF scores for IT Infrastructure Investment to /scrfs/storage/zichengx/home/Research/TAD/w2v_culture/outputs/scores/WFIDF/IT Infrastructure Investment/scores_WFIDF_IT Infrastructure Investment.csv
2024-12-26 06:54:45,373 - INFO - Saved word contributions for IT Infrastructure Investment to /scrfs/storage/zichengx/home/Research/TAD/w2v_culture/outputs/scores/word_contributions/IT Infrastructure Investment/word_contribution_WFIDF_IT Infrastructure Investment.csv
2024-12-26 06:54:45,373 - INFO - Sample of WFIDF scores for IT Infrastructure Investment (first 5 documents):
2024-12-26 06:54:45,375 - INFO - 
   IT Infrastructure Investment  document_length    Doc_ID
0                      0.000000             88.0  222560.0
1                      0.000000            158.0  222561.0
2                      6.573663           1263.0  222562.0
3                      0.000000            729.0  222563.0
4                      0.000000            440.0  222564.0
2024-12-26 06:54:45,376 - INFO - 
Processing topic: Rumor
2024-12-26 06:54:45,376 - INFO - Number of words in Rumor: 20
2024-12-26 06:54:45,378 - INFO - Computing TF scores for topic Rumor...
2024-12-26 06:57:22,888 - INFO - Saved TF scores for Rumor to /scrfs/storage/zichengx/home/Research/TAD/w2v_culture/outputs/scores/TF/Rumor/scores_TF_Rumor.csv
2024-12-26 06:57:22,889 - INFO - Sample of TF scores for Rumor (first 5 documents):
2024-12-26 06:57:22,890 - INFO - 
   Rumor  document_length    Doc_ID
0      0               88  222560.0
1      0              158  222561.0
2      1             1263  222562.0
3      0              729  222563.0
4      0              440  222564.0
2024-12-26 06:57:22,891 - INFO - Computing TFIDF scores for topic Rumor...
Scoring using TFIDF
2024-12-26 07:09:10,900 - INFO - Saved TFIDF scores for Rumor to /scrfs/storage/zichengx/home/Research/TAD/w2v_culture/outputs/scores/TFIDF/Rumor/scores_TFIDF_Rumor.csv
2024-12-26 07:09:10,905 - INFO - Saved word contributions for Rumor to /scrfs/storage/zichengx/home/Research/TAD/w2v_culture/outputs/scores/word_contributions/Rumor/word_contribution_TFIDF_Rumor.csv
2024-12-26 07:09:10,905 - INFO - Sample of TFIDF scores for Rumor (first 5 documents):
2024-12-26 07:09:10,910 - INFO - 
     Rumor  document_length    Doc_ID
0  0.00000             88.0  222560.0
1  0.00000            158.0  222561.0
2  3.74728           1263.0  222562.0
3  0.00000            729.0  222563.0
4  0.00000            440.0  222564.0
2024-12-26 07:09:10,910 - INFO - Computing WFIDF scores for topic Rumor...
Scoring using WFIDF
2024-12-26 07:21:06,442 - INFO - Saved WFIDF scores for Rumor to /scrfs/storage/zichengx/home/Research/TAD/w2v_culture/outputs/scores/WFIDF/Rumor/scores_WFIDF_Rumor.csv
2024-12-26 07:21:06,447 - INFO - Saved word contributions for Rumor to /scrfs/storage/zichengx/home/Research/TAD/w2v_culture/outputs/scores/word_contributions/Rumor/word_contribution_WFIDF_Rumor.csv
2024-12-26 07:21:06,447 - INFO - Sample of WFIDF scores for Rumor (first 5 documents):
2024-12-26 07:21:06,452 - INFO - 
     Rumor  document_length    Doc_ID
0  0.00000             88.0  222560.0
1  0.00000            158.0  222561.0
2  3.74728           1263.0  222562.0
3  0.00000            729.0  222563.0
4  0.00000            440.0  222564.0
2024-12-26 07:21:06,454 - INFO - 
Processing topic: Flu Season
2024-12-26 07:21:06,455 - INFO - Number of words in Flu Season: 20
2024-12-26 07:21:06,456 - INFO - Computing TF scores for topic Flu Season...
2024-12-26 07:23:21,400 - INFO - Saved TF scores for Flu Season to /scrfs/storage/zichengx/home/Research/TAD/w2v_culture/outputs/scores/TF/Flu Season/scores_TF_Flu Season.csv
2024-12-26 07:23:21,400 - INFO - Sample of TF scores for Flu Season (first 5 documents):
2024-12-26 07:23:21,401 - INFO - 
   Flu Season  document_length    Doc_ID
0           0               88  222560.0
1           0              158  222561.0
2           0             1263  222562.0
3           0              729  222563.0
4           0              440  222564.0
2024-12-26 07:23:21,402 - INFO - Computing TFIDF scores for topic Flu Season...
Scoring using TFIDF
2024-12-26 07:35:17,461 - INFO - Saved TFIDF scores for Flu Season to /scrfs/storage/zichengx/home/Research/TAD/w2v_culture/outputs/scores/TFIDF/Flu Season/scores_TFIDF_Flu Season.csv
2024-12-26 07:35:17,465 - INFO - Saved word contributions for Flu Season to /scrfs/storage/zichengx/home/Research/TAD/w2v_culture/outputs/scores/word_contributions/Flu Season/word_contribution_TFIDF_Flu Season.csv
2024-12-26 07:35:17,465 - INFO - Sample of TFIDF scores for Flu Season (first 5 documents):
2024-12-26 07:35:17,469 - INFO - 
   Flu Season  document_length    Doc_ID
0         0.0             88.0  222560.0
1         0.0            158.0  222561.0
2         0.0           1263.0  222562.0
3         0.0            729.0  222563.0
4         0.0            440.0  222564.0
2024-12-26 07:35:17,469 - INFO - Computing WFIDF scores for topic Flu Season...
Scoring using WFIDF
2024-12-26 07:47:11,949 - INFO - Saved WFIDF scores for Flu Season to /scrfs/storage/zichengx/home/Research/TAD/w2v_culture/outputs/scores/WFIDF/Flu Season/scores_WFIDF_Flu Season.csv
2024-12-26 07:47:11,952 - INFO - Saved word contributions for Flu Season to /scrfs/storage/zichengx/home/Research/TAD/w2v_culture/outputs/scores/word_contributions/Flu Season/word_contribution_WFIDF_Flu Season.csv
2024-12-26 07:47:11,952 - INFO - Sample of WFIDF scores for Flu Season (first 5 documents):
2024-12-26 07:47:11,954 - INFO - 
   Flu Season  document_length    Doc_ID
0         0.0             88.0  222560.0
1         0.0            158.0  222561.0
2         0.0           1263.0  222562.0
3         0.0            729.0  222563.0
4         0.0            440.0  222564.0
2024-12-26 07:47:11,955 - INFO - 
Processing topic: Industry benchmarking
2024-12-26 07:47:11,955 - INFO - Number of words in Industry benchmarking: 20
2024-12-26 07:47:11,956 - INFO - Computing TF scores for topic Industry benchmarking...
2024-12-26 07:49:45,579 - INFO - Saved TF scores for Industry benchmarking to /scrfs/storage/zichengx/home/Research/TAD/w2v_culture/outputs/scores/TF/Industry benchmarking/scores_TF_Industry benchmarking.csv
2024-12-26 07:49:45,579 - INFO - Sample of TF scores for Industry benchmarking (first 5 documents):
2024-12-26 07:49:45,581 - INFO - 
   Industry benchmarking  document_length    Doc_ID
0                      0               88  222560.0
1                      0              158  222561.0
2                      1             1263  222562.0
3                      1              729  222563.0
4                      0              440  222564.0
2024-12-26 07:49:45,581 - INFO - Computing TFIDF scores for topic Industry benchmarking...
Scoring using TFIDF
2024-12-26 08:01:43,139 - INFO - Saved TFIDF scores for Industry benchmarking to /scrfs/storage/zichengx/home/Research/TAD/w2v_culture/outputs/scores/TFIDF/Industry benchmarking/scores_TFIDF_Industry benchmarking.csv
2024-12-26 08:01:43,143 - INFO - Saved word contributions for Industry benchmarking to /scrfs/storage/zichengx/home/Research/TAD/w2v_culture/outputs/scores/word_contributions/Industry benchmarking/word_contribution_TFIDF_Industry benchmarking.csv
2024-12-26 08:01:43,143 - INFO - Sample of TFIDF scores for Industry benchmarking (first 5 documents):
2024-12-26 08:01:43,171 - INFO - 
   Industry benchmarking  document_length    Doc_ID
0               0.000000             88.0  222560.0
1               0.000000            158.0  222561.0
2               5.566020           1263.0  222562.0
3               5.385579            729.0  222563.0
4               0.000000            440.0  222564.0
2024-12-26 08:01:43,171 - INFO - Computing WFIDF scores for topic Industry benchmarking...
Scoring using WFIDF
2024-12-26 08:13:34,864 - INFO - Saved WFIDF scores for Industry benchmarking to /scrfs/storage/zichengx/home/Research/TAD/w2v_culture/outputs/scores/WFIDF/Industry benchmarking/scores_WFIDF_Industry benchmarking.csv
2024-12-26 08:13:34,887 - INFO - Saved word contributions for Industry benchmarking to /scrfs/storage/zichengx/home/Research/TAD/w2v_culture/outputs/scores/word_contributions/Industry benchmarking/word_contribution_WFIDF_Industry benchmarking.csv
2024-12-26 08:13:34,888 - INFO - Sample of WFIDF scores for Industry benchmarking (first 5 documents):
2024-12-26 08:13:34,889 - INFO - 
   Industry benchmarking  document_length    Doc_ID
0               0.000000             88.0  222560.0
1               0.000000            158.0  222561.0
2               5.566020           1263.0  222562.0
3               5.385579            729.0  222563.0
4               0.000000            440.0  222564.0
2024-12-26 08:13:34,890 - INFO - 
Processing topic: Economic Forecast
2024-12-26 08:13:34,890 - INFO - Number of words in Economic Forecast: 40
2024-12-26 08:13:34,891 - INFO - Computing TF scores for topic Economic Forecast...
2024-12-26 08:16:45,359 - INFO - Saved TF scores for Economic Forecast to /scrfs/storage/zichengx/home/Research/TAD/w2v_culture/outputs/scores/TF/Economic Forecast/scores_TF_Economic Forecast.csv
2024-12-26 08:16:45,359 - INFO - Sample of TF scores for Economic Forecast (first 5 documents):
2024-12-26 08:16:45,362 - INFO - 
   Economic Forecast  document_length    Doc_ID
0                  0               88  222560.0
1                  0              158  222561.0
2                  0             1263  222562.0
3                  0              729  222563.0
4                  1              440  222564.0
2024-12-26 08:16:45,362 - INFO - Computing TFIDF scores for topic Economic Forecast...
Scoring using TFIDF
2024-12-26 08:32:19,879 - INFO - Saved TFIDF scores for Economic Forecast to /scrfs/storage/zichengx/home/Research/TAD/w2v_culture/outputs/scores/TFIDF/Economic Forecast/scores_TFIDF_Economic Forecast.csv
2024-12-26 08:32:19,884 - INFO - Saved word contributions for Economic Forecast to /scrfs/storage/zichengx/home/Research/TAD/w2v_culture/outputs/scores/word_contributions/Economic Forecast/word_contribution_TFIDF_Economic Forecast.csv
2024-12-26 08:32:19,884 - INFO - Sample of TFIDF scores for Economic Forecast (first 5 documents):
2024-12-26 08:32:19,889 - INFO - 
   Economic Forecast  document_length    Doc_ID
0           0.000000             88.0  222560.0
1           0.000000            158.0  222561.0
2           0.000000           1263.0  222562.0
3           0.000000            729.0  222563.0
4           6.979393            440.0  222564.0
2024-12-26 08:32:19,889 - INFO - Computing WFIDF scores for topic Economic Forecast...
Scoring using WFIDF
2024-12-26 08:47:55,958 - INFO - Saved WFIDF scores for Economic Forecast to /scrfs/storage/zichengx/home/Research/TAD/w2v_culture/outputs/scores/WFIDF/Economic Forecast/scores_WFIDF_Economic Forecast.csv
2024-12-26 08:47:55,962 - INFO - Saved word contributions for Economic Forecast to /scrfs/storage/zichengx/home/Research/TAD/w2v_culture/outputs/scores/word_contributions/Economic Forecast/word_contribution_WFIDF_Economic Forecast.csv
2024-12-26 08:47:55,962 - INFO - Sample of WFIDF scores for Economic Forecast (first 5 documents):
2024-12-26 08:47:55,964 - INFO - 
   Economic Forecast  document_length    Doc_ID
0           0.000000             88.0  222560.0
1           0.000000            158.0  222561.0
2           0.000000           1263.0  222562.0
3           0.000000            729.0  222563.0
4           6.979393            440.0  222564.0
2024-12-26 08:47:55,964 - INFO - 
Processing topic: Commodity
2024-12-26 08:47:55,965 - INFO - Number of words in Commodity: 20
2024-12-26 08:47:55,965 - INFO - Computing TF scores for topic Commodity...
2024-12-26 08:50:39,999 - INFO - Saved TF scores for Commodity to /scrfs/storage/zichengx/home/Research/TAD/w2v_culture/outputs/scores/TF/Commodity/scores_TF_Commodity.csv
2024-12-26 08:50:40,000 - INFO - Sample of TF scores for Commodity (first 5 documents):
2024-12-26 08:50:40,001 - INFO - 
   Commodity  document_length    Doc_ID
0          0               88  222560.0
1          0              158  222561.0
2          6             1263  222562.0
3          2              729  222563.0
4          0              440  222564.0
2024-12-26 08:50:40,002 - INFO - Computing TFIDF scores for topic Commodity...
Scoring using TFIDF
2024-12-26 09:02:45,884 - INFO - Saved TFIDF scores for Commodity to /scrfs/storage/zichengx/home/Research/TAD/w2v_culture/outputs/scores/TFIDF/Commodity/scores_TFIDF_Commodity.csv
2024-12-26 09:02:45,888 - INFO - Saved word contributions for Commodity to /scrfs/storage/zichengx/home/Research/TAD/w2v_culture/outputs/scores/word_contributions/Commodity/word_contribution_TFIDF_Commodity.csv
2024-12-26 09:02:45,888 - INFO - Sample of TFIDF scores for Commodity (first 5 documents):
2024-12-26 09:02:45,890 - INFO - 
   Commodity  document_length    Doc_ID
0   0.000000             88.0  222560.0
1   0.000000            158.0  222561.0
2  22.751924           1263.0  222562.0
3   7.715306            729.0  222563.0
4   0.000000            440.0  222564.0
2024-12-26 09:02:45,890 - INFO - Computing WFIDF scores for topic Commodity...
Scoring using WFIDF
2024-12-26 09:14:46,446 - INFO - Saved WFIDF scores for Commodity to /scrfs/storage/zichengx/home/Research/TAD/w2v_culture/outputs/scores/WFIDF/Commodity/scores_WFIDF_Commodity.csv
2024-12-26 09:14:46,450 - INFO - Saved word contributions for Commodity to /scrfs/storage/zichengx/home/Research/TAD/w2v_culture/outputs/scores/word_contributions/Commodity/word_contribution_WFIDF_Commodity.csv
2024-12-26 09:14:46,451 - INFO - Sample of WFIDF scores for Commodity (first 5 documents):
2024-12-26 09:14:46,453 - INFO - 
   Commodity  document_length    Doc_ID
0   0.000000             88.0  222560.0
1   0.000000            158.0  222561.0
2  19.261178           1263.0  222562.0
3   6.531574            729.0  222563.0
4   0.000000            440.0  222564.0
2024-12-26 09:14:46,453 - INFO - 
Processing topic: Auction
2024-12-26 09:14:46,454 - INFO - Number of words in Auction: 20
2024-12-26 09:14:46,454 - INFO - Computing TF scores for topic Auction...
2024-12-26 09:17:09,936 - INFO - Saved TF scores for Auction to /scrfs/storage/zichengx/home/Research/TAD/w2v_culture/outputs/scores/TF/Auction/scores_TF_Auction.csv
2024-12-26 09:17:09,936 - INFO - Sample of TF scores for Auction (first 5 documents):
2024-12-26 09:17:09,937 - INFO - 
   Auction  document_length    Doc_ID
0        0               88  222560.0
1        0              158  222561.0
2        0             1263  222562.0
3        0              729  222563.0
4        0              440  222564.0
2024-12-26 09:17:09,938 - INFO - Computing TFIDF scores for topic Auction...
Scoring using TFIDF
2024-12-26 09:29:08,768 - INFO - Saved TFIDF scores for Auction to /scrfs/storage/zichengx/home/Research/TAD/w2v_culture/outputs/scores/TFIDF/Auction/scores_TFIDF_Auction.csv
2024-12-26 09:29:08,791 - INFO - Saved word contributions for Auction to /scrfs/storage/zichengx/home/Research/TAD/w2v_culture/outputs/scores/word_contributions/Auction/word_contribution_TFIDF_Auction.csv
2024-12-26 09:29:08,791 - INFO - Sample of TFIDF scores for Auction (first 5 documents):
2024-12-26 09:29:08,820 - INFO - 
   Auction  document_length    Doc_ID
0      0.0             88.0  222560.0
1      0.0            158.0  222561.0
2      0.0           1263.0  222562.0
3      0.0            729.0  222563.0
4      0.0            440.0  222564.0
2024-12-26 09:29:08,821 - INFO - Computing WFIDF scores for topic Auction...
Scoring using WFIDF
2024-12-26 09:41:01,698 - INFO - Saved WFIDF scores for Auction to /scrfs/storage/zichengx/home/Research/TAD/w2v_culture/outputs/scores/WFIDF/Auction/scores_WFIDF_Auction.csv
2024-12-26 09:41:01,711 - INFO - Saved word contributions for Auction to /scrfs/storage/zichengx/home/Research/TAD/w2v_culture/outputs/scores/word_contributions/Auction/word_contribution_WFIDF_Auction.csv
2024-12-26 09:41:01,712 - INFO - Sample of WFIDF scores for Auction (first 5 documents):
2024-12-26 09:41:01,714 - INFO - 
   Auction  document_length    Doc_ID
0      0.0             88.0  222560.0
1      0.0            158.0  222561.0
2      0.0           1263.0  222562.0
3      0.0            729.0  222563.0
4      0.0            440.0  222564.0
2024-12-26 09:41:01,714 - INFO - 
Processing topic: Industry Specific
2024-12-26 09:41:01,714 - INFO - Number of words in Industry Specific: 217
2024-12-26 09:41:01,715 - INFO - Computing TF scores for topic Industry Specific...
2024-12-26 09:48:36,629 - INFO - Saved TF scores for Industry Specific to /scrfs/storage/zichengx/home/Research/TAD/w2v_culture/outputs/scores/TF/Industry Specific/scores_TF_Industry Specific.csv
2024-12-26 09:48:36,629 - INFO - Sample of TF scores for Industry Specific (first 5 documents):
2024-12-26 09:48:36,630 - INFO - 
   Industry Specific  document_length    Doc_ID
0                  0               88  222560.0
1                  0              158  222561.0
2                 23             1263  222562.0
3                  8              729  222563.0
4                  5              440  222564.0
2024-12-26 09:48:36,630 - INFO - Computing TFIDF scores for topic Industry Specific...
Scoring using TFIDF
2024-12-26 10:36:33,038 - INFO - Saved TFIDF scores for Industry Specific to /scrfs/storage/zichengx/home/Research/TAD/w2v_culture/outputs/scores/TFIDF/Industry Specific/scores_TFIDF_Industry Specific.csv
2024-12-26 10:36:33,053 - INFO - Saved word contributions for Industry Specific to /scrfs/storage/zichengx/home/Research/TAD/w2v_culture/outputs/scores/word_contributions/Industry Specific/word_contribution_TFIDF_Industry Specific.csv
2024-12-26 10:36:33,053 - INFO - Sample of TFIDF scores for Industry Specific (first 5 documents):
2024-12-26 10:36:33,060 - INFO - 
   Industry Specific  document_length    Doc_ID
0           0.000000             88.0  222560.0
1           0.000000            158.0  222561.0
2         106.490656           1263.0  222562.0
3          30.935161            729.0  222563.0
4          19.937631            440.0  222564.0
2024-12-26 10:36:33,060 - INFO - Computing WFIDF scores for topic Industry Specific...
Scoring using WFIDF
2024-12-26 11:24:27,376 - INFO - Saved WFIDF scores for Industry Specific to /scrfs/storage/zichengx/home/Research/TAD/w2v_culture/outputs/scores/WFIDF/Industry Specific/scores_WFIDF_Industry Specific.csv
2024-12-26 11:24:27,405 - INFO - Saved word contributions for Industry Specific to /scrfs/storage/zichengx/home/Research/TAD/w2v_culture/outputs/scores/word_contributions/Industry Specific/word_contribution_WFIDF_Industry Specific.csv
2024-12-26 11:24:27,405 - INFO - Sample of WFIDF scores for Industry Specific (first 5 documents):
2024-12-26 11:24:27,434 - INFO - 
   Industry Specific  document_length    Doc_ID
0           0.000000             88.0  222560.0
1           0.000000            158.0  222561.0
2          81.060111           1263.0  222562.0
3          29.751429            729.0  222563.0
4          17.259971            440.0  222564.0
2024-12-26 11:24:27,435 - INFO - Aggregating scores across topics...
2024-12-26 11:24:27,436 - INFO - 
Aggregating TF scores for all topics...
2024-12-26 11:31:09,498 - INFO - Saved combined TF scores to /scrfs/storage/zichengx/home/Research/TAD/w2v_culture/outputs/scores/TF/combined_scores_TF.csv
2024-12-26 11:31:09,498 - INFO - 
Sample of combined TF scores (first 5 documents):
2024-12-26 11:31:09,509 - INFO - 
     Doc_ID  Cash Flows  Profit Margin  Revenue  Dividend  Growth  Short Term Guidance  Investment  Corporate Tax  Operating Cost  Market Share  Financial Position  Financing  Asset Impairment  Customer Segment Analysis  Inventory Turnover  Sales Pipeline  Foreign Exchange Impact  New Product Launches  Capacity Utilization  Litigation Risk  Geographic Expansion  Seasonality  Pricing Power  Partnerships And Collaborations  Debt-To-Equity Ratio  Backlog or order book status  Promotion Strategy  Productivity Metrics  Raw Material  Weather  Online Sales  Customer Acquisition Costs  Regulation  Productivity  Bundle Pricing Strategies  Supply Chain  Macroeconomics  Talent Hiring  Corporate Innovation  Insurance  Organization Restructuring  Marketing Strategy  Industry Forecast  Employee Headcount  Business Segment Breakdowns  Operational Risk  Product Performance  Artificial Intelligence  Challenges  Cloud Computing  Corporate Governance  Research and Development  Subsidiary Performance  Labor Costs  Funding Rate  Environmental  Firm Specific  CEO Transition  Customer Management  Business Strategy  Risk Hedging  Geopolitical Risk  Confident  Pension  Cybersecurity  Credit Rating  Regulation Risk  Financing Cost  Payment (Sales And Marketing)  Social Responsibility  Machinery Outage  Compensation  Diluted Shares  Merger & Acquisition  Political Risk  Expiration  Loan Covenant  Sales Force Productivity  Employee Engagement  Liquidity Risk  Warrant Exercise  Option Exercise  IT Infrastructure Investment  Rumor  Flu Season  Industry benchmarking  Economic Forecast  Commodity  Auction  Industry Specific  document_length
0  222560.0           1              0        1         0       1                    1           0              0               0             0                   0          0                 0                          0                   1               0                        0                     0                     0                0                     0            1              0                                0                     0                             2                   0                     0             0        0             0                           0           0             0                          0             0               0              0                     0          0                           0                   0                  0                   0                            0                 0                    0                        0           1                0                     0                         0                       0            1             0              0              0               0                    0                  0             0                  0          0        0              0              0                0               0                              0                      0                 0             1               0                     0               0           0              0                         0                    0               0                 0                0                             0      0           0                      0                  0          0        0                  0               88
1  222561.0           4              0        3         0       2                    3           0              0               0             1                   2          2                 0                          0                   2               0                        0                     1                     0                0                     1            2              1                                2                     0                             2                   0                     0             0        0             1                           0           0             0                          0             0               0              0                     0          0                           0                   1                  1                   0                            1                 0                    0                        0           2                0                     0                         0                       1            2             1              0              0               0                    0                  0             0                  0          0        0              2              1                0               0                              0                      0                 0             2               0                     1               0           0              0                         0                    0               0                 0                0                             0      0           0                      0                  0          0        0                  0              158
2  222562.0          51             26       49         3      52                   33           2              3               7            14                  12          1                 2                         13                  24               6                        1                     4                     8                0                     5           45             20                                6                    14                            39                   4                     7            22        0             2                          10           1             8                          4             4              15              1                     0          0                           6                  16                  6                   3                            6                 4                    7                        3          39                4                     1                         8                       2           38             6              0              2               0                    3                  5             2                  2          0        0              0              1                1               1                              2                      2                 3            27               2                    13               1           0              2                         1                    3               5                 5                1                             1      1           0                      1                  0          6        0                 23             1263
3  222563.0          54             23       43         0      48                   27           1              5               3            12                   0          4                 0                         18                  24               4                        1                     2                     6                0                     1           42              5                                2                     7                            34                   0                     3             9        1             2                           8           0             4                          1             3               6              0                     0          0                          10                  10                  2                   0                           15                11                    9                        1          25                1                     0                         4                       0           27             1              0              1               1                    1                  1             0                  0          1        0              0              2                1               1                              0                      0                 1            23               0                    15               0           0              0                         0                    1               0                 0                0                             0      0           0                      1                  0          2        0                  8              729
4  222564.0          17              0       13         4      19                   15           2             21               1             0                  10         13                 0                          1                  11               2                        1                     0                     1                0                     0           11              1                                3                     1                            11                   0                     6             0        0             0                           2           0             0                          0             0               0              0                     0          0                           2                   0                  0                   0                            1                 1                    1                        0          11                0                     0                         0                       0           13             9              0              0               0                    0                  0             0                  0          0       12              0              4                0               1                              0                      0                 0            10               1                     1               0           1              0                         0                    0               0                 0                1                             0      0           0                      0                  1          0        0                  5              440
2024-12-26 11:31:09,532 - INFO - 
Aggregating TFIDF scores for all topics...
2024-12-26 11:52:13,512 - INFO - Saved combined TFIDF scores to /scrfs/storage/zichengx/home/Research/TAD/w2v_culture/outputs/scores/TFIDF/combined_scores_TFIDF.csv
2024-12-26 11:52:13,512 - INFO - 
Sample of combined TFIDF scores (first 5 documents):
2024-12-26 11:52:13,544 - INFO - 
     Doc_ID  Cash Flows  Profit Margin     Revenue   Dividend      Growth  Short Term Guidance  Investment  Corporate Tax  Operating Cost  Market Share  Financial Position  Financing  Asset Impairment  Customer Segment Analysis  Inventory Turnover  Sales Pipeline  Foreign Exchange Impact  New Product Launches  Capacity Utilization  Litigation Risk  Geographic Expansion  Seasonality  Pricing Power  Partnerships And Collaborations  Debt-To-Equity Ratio  Backlog or order book status  Promotion Strategy  Productivity Metrics  Raw Material  Weather  Online Sales  Customer Acquisition Costs  Regulation  Productivity  Bundle Pricing Strategies  Supply Chain  Macroeconomics  Talent Hiring  Corporate Innovation  Insurance  Organization Restructuring  Marketing Strategy  Industry Forecast  Employee Headcount  Business Segment Breakdowns  Operational Risk  Product Performance  Artificial Intelligence  Challenges  Cloud Computing  Corporate Governance  Research and Development  Subsidiary Performance  Labor Costs  Funding Rate  Environmental  Firm Specific  CEO Transition  Customer Management  Business Strategy  Risk Hedging  Geopolitical Risk  Confident    Pension  Cybersecurity  Credit Rating  Regulation Risk  Financing Cost  Payment (Sales And Marketing)  Social Responsibility  Machinery Outage  Compensation  Diluted Shares  Merger & Acquisition  Political Risk  Expiration  Loan Covenant  Sales Force Productivity  Employee Engagement  Liquidity Risk  Warrant Exercise  Option Exercise  IT Infrastructure Investment    Rumor  Flu Season  Industry benchmarking  Economic Forecast  Commodity  Auction  Industry Specific  document_length
0  222560.0    2.171058       0.000000    2.171058   0.000000    2.171058             2.171058     0.00000       0.000000        0.000000      0.000000            0.000000   0.000000          0.000000                   0.000000            2.171058        0.000000                 0.000000              0.000000              0.000000              0.0              0.000000     2.171058       0.000000                         0.000000              0.000000                      7.257141            0.000000              0.000000      0.000000   0.0000      0.000000                    0.000000    0.000000      0.000000                   0.000000      0.000000        0.000000       0.000000                   0.0        0.0                    0.000000            0.000000           0.000000            0.000000                     0.000000          0.000000             0.000000                 0.000000    2.171058         0.000000              0.000000                  0.000000                0.000000     2.171058      0.000000            0.0       0.000000        0.000000             0.000000           0.000000      0.000000           0.000000   0.000000   0.000000       0.000000       0.000000           0.0000        0.000000                       0.000000                0.00000          0.000000      2.171058        0.000000              0.000000        0.000000    0.000000       0.000000                  0.000000             0.000000        0.000000          0.000000         0.000000                      0.000000  0.00000         0.0               0.000000           0.000000   0.000000      0.0           0.000000             88.0
1  222561.0   11.438296       0.000000    7.621586   0.000000    4.342115             8.586553     0.00000       0.000000        0.000000      2.491878            8.093961   7.096180          0.000000                   0.000000            4.342115        0.000000                 0.000000              4.003381              0.000000              0.0              2.491878     4.342115       2.491878                         8.059354              0.000000                      4.342115            0.000000              0.000000      0.000000   0.0000      4.641239                    0.000000    0.000000      0.000000                   0.000000      0.000000        0.000000       0.000000                   0.0        0.0                    0.000000            2.491878           2.491878            0.000000                     4.277251          0.000000             0.000000                 0.000000    4.342115         0.000000              0.000000                  0.000000                3.206225     4.342115      4.003381            0.0       0.000000        0.000000             0.000000           0.000000      0.000000           0.000000   0.000000   0.000000       8.059354       3.816710           0.0000        0.000000                       0.000000                0.00000          0.000000      4.342115        0.000000              3.206225        0.000000    0.000000       0.000000                  0.000000             0.000000        0.000000          0.000000         0.000000                      0.000000  0.00000         0.0               0.000000           0.000000   0.000000      0.0           0.000000            158.0
2  222562.0  129.685252      69.373838  130.086322  10.496703  146.486503            80.350719    10.75913      11.043456       29.053891     36.375752           38.138452   3.279471         10.065746                  50.020320           58.359701       19.509524                 2.869427             15.715750             33.503461              0.0             19.509869   115.911456      80.207268                        27.769830             49.923921                    103.356744           14.247654             22.905498     89.927291   0.0000      6.666307                   35.771684    4.727534     30.417534                  13.237337     26.833320       53.500970       3.333142                   0.0        0.0                   19.265387           52.302328          22.137257           12.850719                    17.443090          9.199641            24.098342                12.649290   95.036689        17.974270              4.837103                 31.359579                6.412451   121.387453     16.715650            0.0       8.214504        0.000000            13.171201          20.068286      6.543738           5.731212   0.000000   0.000000       0.000000       3.777200           3.7772        3.777200                       5.731212               10.93547         15.176047     66.539612        6.096614             39.419344        4.860787    0.000000       9.203109                  3.333142            15.026892       12.043881         17.040441         4.871694                      6.573663  3.74728         0.0               5.566020           0.000000  22.751924      0.0         106.490656           1263.0
3  222563.0  139.779534      61.191332  114.446727   0.000000  128.924789            64.276141     3.77720      18.405759        8.380434     29.097684            0.000000  13.117883          0.000000                  54.570369           55.827176       12.965786                 2.869427              7.173712             25.969534              0.0              2.491878   102.836289      17.189228                         9.802735             22.699110                     90.267964            0.000000             11.143988     32.840248   5.1385     11.131798                   28.572484    0.000000     12.487686                   3.066460     21.263999       21.302245       0.000000                   0.0        0.0                   22.999103           33.398261           6.096191            0.000000                    43.607726         27.913451            33.130363                 4.107252   57.187649         4.107252              0.000000                 12.487686                0.000000    63.468881      6.288492            0.0       4.107252        3.232002             4.289479           3.616642      0.000000           0.000000   4.605368   0.000000       0.000000       8.066680           3.7772        3.777200                       0.000000                0.00000          3.616642     50.918709        0.000000             40.477103        0.000000    0.000000       0.000000                  0.000000             4.484035        0.000000          0.000000         0.000000                      0.000000  0.00000         0.0               5.385579           0.000000   7.715306      0.0          30.935161            729.0
4  222564.0   45.889209       0.000000   30.622370  13.322835   48.744267            39.924912    11.20295      70.703117        4.464946      0.000000           34.555353  42.300528          0.000000                   5.321692           24.963830        5.847582                 2.869427              0.000000              3.820155              0.0              0.000000    24.170480       3.363675                        15.751381              4.411042                     26.121620            0.000000             24.574136      0.000000   0.0000      0.000000                   10.432043    0.000000      0.000000                   0.000000      0.000000        0.000000       0.000000                   0.0        0.0                    7.828620            0.000000           0.000000            0.000000                     5.116668          5.116668             2.483907                 0.000000   24.170480         0.000000              0.000000                  0.000000                0.000000    30.622370     27.033690            0.0       0.000000        0.000000             0.000000           0.000000      0.000000           0.000000   0.000000  35.945483       0.000000      15.266838           0.0000        3.712017                       0.000000                0.00000          0.000000     21.710577        3.712017              5.616123        0.000000    5.458103       0.000000                  0.000000             0.000000        0.000000          0.000000         5.458103                      0.000000  0.00000         0.0               0.000000           6.979393   0.000000      0.0          19.937631            440.0
2024-12-26 11:52:13,566 - INFO - 
Aggregating WFIDF scores for all topics...
2024-12-26 12:13:17,693 - INFO - Saved combined WFIDF scores to /scrfs/storage/zichengx/home/Research/TAD/w2v_culture/outputs/scores/WFIDF/combined_scores_WFIDF.csv
2024-12-26 12:13:17,693 - INFO - 
Sample of combined WFIDF scores (first 5 documents):
2024-12-26 12:13:17,727 - INFO - 
     Doc_ID  Cash Flows  Profit Margin    Revenue   Dividend     Growth  Short Term Guidance  Investment  Corporate Tax  Operating Cost  Market Share  Financial Position  Financing  Asset Impairment  Customer Segment Analysis  Inventory Turnover  Sales Pipeline  Foreign Exchange Impact  New Product Launches  Capacity Utilization  Litigation Risk  Geographic Expansion  Seasonality  Pricing Power  Partnerships And Collaborations  Debt-To-Equity Ratio  Backlog or order book status  Promotion Strategy  Productivity Metrics  Raw Material  Weather  Online Sales  Customer Acquisition Costs  Regulation  Productivity  Bundle Pricing Strategies  Supply Chain  Macroeconomics  Talent Hiring  Corporate Innovation  Insurance  Organization Restructuring  Marketing Strategy  Industry Forecast  Employee Headcount  Business Segment Breakdowns  Operational Risk  Product Performance  Artificial Intelligence  Challenges  Cloud Computing  Corporate Governance  Research and Development  Subsidiary Performance  Labor Costs  Funding Rate  Environmental  Firm Specific  CEO Transition  Customer Management  Business Strategy  Risk Hedging  Geopolitical Risk  Confident    Pension  Cybersecurity  Credit Rating  Regulation Risk  Financing Cost  Payment (Sales And Marketing)  Social Responsibility  Machinery Outage  Compensation  Diluted Shares  Merger & Acquisition  Political Risk  Expiration  Loan Covenant  Sales Force Productivity  Employee Engagement  Liquidity Risk  Warrant Exercise  Option Exercise  IT Infrastructure Investment    Rumor  Flu Season  Industry benchmarking  Economic Forecast  Commodity  Auction  Industry Specific  document_length
0  222560.0    2.171058       0.000000   2.171058   0.000000   2.171058             2.171058    0.000000       0.000000        0.000000      0.000000            0.000000   0.000000          0.000000                   0.000000            2.171058        0.000000                 0.000000              0.000000              0.000000              0.0              0.000000     2.171058       0.000000                         0.000000              0.000000                      7.257141            0.000000              0.000000      0.000000   0.0000      0.000000                    0.000000    0.000000      0.000000                   0.000000      0.000000        0.000000       0.000000                   0.0        0.0                    0.000000            0.000000           0.000000            0.000000                     0.000000          0.000000             0.000000                 0.000000    2.171058         0.000000              0.000000                  0.000000                0.000000     2.171058      0.000000            0.0       0.000000        0.000000             0.000000           0.000000      0.000000           0.000000   0.000000   0.000000       0.000000       0.000000           0.0000        0.000000                       0.000000                0.00000          0.000000      2.171058        0.000000              0.000000        0.000000    0.000000       0.000000                  0.000000             0.000000        0.000000          0.000000         0.000000                      0.000000  0.00000         0.0               0.000000           0.000000   0.000000      0.0           0.000000             88.0
1  222561.0   10.772101       0.000000   6.955391   0.000000   3.675920             7.920358    0.000000       0.000000        0.000000      2.491878            8.093961   7.096180          0.000000                   0.000000            3.675920        0.000000                 0.000000              4.003381              0.000000              0.0              2.491878     3.675920       2.491878                         6.822836              0.000000                      3.675920            0.000000              0.000000      0.000000   0.0000      4.641239                    0.000000    0.000000      0.000000                   0.000000      0.000000        0.000000       0.000000                   0.0        0.0                    0.000000            2.491878           2.491878            0.000000                     4.277251          0.000000             0.000000                 0.000000    3.675920         0.000000              0.000000                  0.000000                3.206225     3.675920      4.003381            0.0       0.000000        0.000000             0.000000           0.000000      0.000000           0.000000   0.000000   0.000000       6.822836       3.816710           0.0000        0.000000                       0.000000                0.00000          0.000000      3.675920        0.000000              3.206225        0.000000    0.000000       0.000000                  0.000000             0.000000        0.000000          0.000000         0.000000                      0.000000  0.00000         0.0               0.000000           0.000000   0.000000      0.0           0.000000            158.0
2  222562.0   58.070810      37.495292  62.183259   9.561321  78.660348            30.539915   10.759130       7.725311       24.991533     24.966681           28.441295   3.279471          8.521395                  41.086726           22.615242       17.566246                 2.869427             14.455428             27.418862              0.0             18.206837    46.316748      58.419547                        26.179470             37.159854                     46.114644           13.243672             19.271854     60.971170   0.0000      5.643520                   29.521612    4.727534     26.639206                  12.233355     26.833320       33.049533       3.333142                   0.0        0.0                   14.009658           32.832969          20.027281           12.850719                    12.466949          5.488263            20.871496                11.388968   38.588236        16.713948              4.837103                 27.581251                5.428611    64.057339     10.957321            0.0       6.954182        0.000000             9.213748          19.018607      5.539756           4.851892   0.000000   0.000000       0.000000       3.777200           3.7772        3.777200                       4.851892               10.93547         15.176047     25.766092        5.161232             31.156441        4.860787    0.000000       7.791109                  3.333142            15.026892        6.285552         15.101077         4.871694                      6.573663  3.74728         0.0               5.566020           0.000000  19.261178      0.0          81.060111           1263.0
3  222563.0   57.839137      31.285143  47.909783   0.000000  64.174132            24.432939    3.777200       9.605737        5.862427     13.694231            0.000000   7.825782          0.000000                  29.313677           15.708579       12.026490                 2.869427              7.173712             23.342016              0.0              2.491878    38.085632      17.189228                         9.802735             19.241808                     39.639021            0.000000             11.143988     23.409676   5.1385     11.131798                   23.426959    0.000000      9.969679                   3.066460     14.874963       12.502223       0.000000                   0.0        0.0                    7.595649           23.894260           6.096191            0.000000                    18.351034         12.509998            22.337828                 4.107252   17.344447         4.107252              0.000000                  9.969679                0.000000    22.069494      6.288492            0.0       4.107252        3.232002             4.289479           3.616642      0.000000           0.000000   4.605368   0.000000       0.000000       8.066680           3.7772        3.777200                       0.000000                0.00000          3.616642     12.037328        0.000000             22.555643        0.000000    0.000000       0.000000                  0.000000             4.484035        0.000000          0.000000         0.000000                      0.000000  0.00000         0.0               5.385579           0.000000   6.531574      0.0          29.751429            729.0
4  222564.0   22.512028       0.000000  13.404235  10.645175  16.773745            25.384437    9.484121      28.185326        4.464946      0.000000           24.677120  18.711435          0.000000                   5.321692           10.423355        5.847582                 2.869427              0.000000              3.820155              0.0              0.000000     9.630005       3.363675                        15.751381              4.411042                     11.581145            0.000000             21.201062      0.000000   0.0000      0.000000                   10.432043    0.000000      0.000000                   0.000000      0.000000        0.000000       0.000000                   0.0        0.0                    7.828620            0.000000           0.000000            0.000000                     5.116668          5.116668             2.483907                 0.000000    9.630005         0.000000              0.000000                  0.000000                0.000000    13.404235      9.603642            0.0       0.000000        0.000000             0.000000           0.000000      0.000000           0.000000   0.000000  15.837775       0.000000       9.107793           0.0000        3.712017                       0.000000                0.00000          0.000000      7.170103        3.712017              5.616123        0.000000    5.458103       0.000000                  0.000000             0.000000        0.000000          0.000000         5.458103                      0.000000  0.00000         0.0               0.000000           6.979393   0.000000      0.0          17.259971            440.0
2024-12-26 12:13:17,749 - INFO - Scoring and aggregation complete. Results saved in scores directory.
2024-12-26 12:13:17,749 - INFO - Full log available at: /scrfs/storage/zichengx/home/Research/TAD/w2v_culture/outputs/logs/step5_score_20241224_160138.log
